,FIPS,live 2a1w1c,min 1a1c,Food,Required annual income after taxes
0,1001,0.6493196871394209,0.5858744157661289,0.3962799572859663,0.1868316201515127
1,1003,0.0792681488744517,-0.003160445219065,-0.0833060280484104,-0.1578748601214021
2,1007,0.3900091890394814,0.2869544521256668,0.2716093050999215,0.2178756707434226
3,1009,0.8123773163145278,0.6815235212914714,0.7003608928929776,0.5628993579990165
4,1015,0.0527023273772901,0.011495516231027,0.1012915976341202,0.0254095957842064
5,1017,-0.289469215969341,-0.3162346229320347,-0.303657915825236,-0.371123053915226
6,1019,-0.162668263795787,-0.1963096053900039,-0.2020628516277822,-0.2592789456269335
7,1025,0.7637434107144236,0.7194199839154649,1.0386036083370809,0.8555520582246783
8,1027,0.4731603814271508,0.4343355456149407,0.426078931830876,0.3324931896801815
9,1029,1.0551860286758197,0.9883414559823032,0.6566142320043906,0.5482284891714435
10,1031,0.6178998687017301,0.5788765600761592,0.5045954263871513,0.4027187279684605
11,1033,1.0101155617807271,0.9373857732793576,0.9899460531158888,0.8642433210208909
12,1037,0.3587121694733337,0.3163055101034049,0.319473481184152,0.219113416493478
13,1039,0.3365478430832662,0.2899761371751759,0.448042852586719,0.3375432687859871
14,1041,0.5852393988757525,0.5330051038823986,0.6452632331257864,0.5463354237262932
15,1043,0.8883877548597261,0.8154805231846638,0.8217693651879543,0.7103303383677722
16,1045,0.8534646376088058,0.7933559886427082,1.032914743251355,0.8857948872714416
17,1051,0.0914667749897335,0.0538300390667219,-0.0127153765746479,-0.1461212084761339
18,1053,0.360924779777799,0.3184073785182733,0.4906045930394322,0.3844475666270279
19,1059,0.8197773081113666,0.7570776993996733,0.8898880015349446,0.756226249751202
20,1061,0.3552902387492842,0.31369312647694,0.4028298722204495,0.2951487695175399
21,1067,0.2450703595713326,0.2019995056837416,0.1327489782320683,0.0757351030842568
22,1069,-0.08684578121217,-0.1154616501489635,-0.1555133155068302,-0.2120966715467056
23,1077,0.569068327222193,0.5114411238001939,0.3577017622907419,0.2678757775646756
24,1079,0.9467137127500972,0.8608177446487464,0.8798069688747014,0.6908235912773957
25,1081,0.8270904593685482,0.7436197981967696,0.5772052134218761,0.3884681151829836
26,1091,0.3122544222564642,0.2715024620678243,0.4348027362075237,0.3170904485167194
27,1093,0.3062656067471014,0.2489134277386007,0.4717090127316945,0.3696656043452857
28,1095,0.3672790013033968,0.3178174163547089,0.2221152094347163,0.168924891388797
29,1103,0.6714783052970372,0.6274481423510581,0.5131782330918564,0.380992565624249
30,1109,0.1775311024388142,0.1402775430468776,0.1807737732862318,0.0976941754603366
31,1115,0.3274170371213294,0.212035769737805,0.331158264353377,0.2545223355973653
32,1121,0.3500024685409642,0.3052832147714661,0.2967921436157812,0.2097022170939366
33,1123,-0.0063109164491792,-0.0408431909189821,-0.1153716504893174,-0.1688932790094143
34,1127,0.3230255320957829,0.2722840485566771,0.3694153162906581,0.2334174070048342
35,2020,-0.0513006544517988,-0.0506363968007675,-0.0159609271018726,-0.1375544989481161
36,2090,0.0359424762378848,0.0366741776378736,0.0344887735090675,-0.1014645952433793
37,2150,0.0899934754879814,0.0907500084415837,0.1264638546801864,-0.0471862172262987
38,2170,-0.3520315578118169,-0.3515041051031571,-0.3923771749075032,-0.5040142941922595
39,2185,0.1816125089538349,0.1857211067303978,0.2057985878677517,0.0268909491762816
40,2220,0.3096770154438908,0.3111886557691998,0.346004322294964,0.1716733524044931
41,4003,0.1180001778769885,0.1180001778769885,0.1081763608101618,-0.0323545741653764
42,4005,-0.2457413878698041,-0.2457413878698041,-0.2721484680654162,-0.3254401128414689
43,4007,-0.4528139751210194,-0.4528139751210194,-0.4268328968664582,-0.5125797027824365
44,4009,0.529474265437557,0.529474265437557,0.7556524087501342,0.5100254738555026
45,4013,0.5849260413472057,0.5849260413472057,0.6716926957212175,0.5862004511406376
46,4015,-0.3139881531703573,-0.3139881531703573,-0.2428708597885214,-0.3482510714687844
47,4017,-0.3183015099803988,-0.3183015099803988,-0.2534994713525538,-0.3679751555206375
48,4019,0.0504079075649963,0.0504079075649963,0.0499047203936866,-0.0690921744434858
49,4021,0.6233162942298562,0.6233162942298562,0.8237364000851335,0.7073666269677901
50,4025,0.4680979349408942,0.4680979349408942,0.4538831671318111,0.3795403134112303
51,5001,0.1409697190938179,0.1445632441404152,0.0329877942298382,-0.0904007526605571
52,5005,0.0536746946838149,0.0517404551837561,0.1795987951931432,0.0007046375763104
53,5007,0.0121078600033479,0.0141621333019985,-0.089947260362424,-0.2342987090474074
54,5009,0.4623278810387092,0.4606190624191324,0.3197477244874775,0.1648376805669518
55,5015,0.3286468630786656,0.3252111510683992,0.314748102185612,0.1498643902584679
56,5021,0.4653387493059682,0.4662766183570814,0.6229469633408058,0.340289448316438
57,5027,-0.0031018000609251,-0.0061593996891202,0.1683605037886757,0.0049808110612701
58,5029,0.1579999857040772,0.1582929494523091,0.1875429842007048,0.0252329998681264
59,5031,0.0445858920382311,0.0471580144768262,-0.0437244511392422,-0.1978148396512491
60,5033,0.1473493725735402,0.1483540335285216,0.2650711367050369,0.096119033323379
61,5037,0.0753145105442005,0.0771241800122657,0.2811923456844749,0.0936186036296002
62,5039,-0.0546983086449374,-0.0494494440709847,0.1340104881223396,-0.0332970487408743
63,5045,0.5569657920240936,0.5709692339386323,0.341244872337036,0.1143700308081758
64,5047,0.536012014556986,0.5435610355894183,0.7217216971260363,0.5057698971815758
65,5051,-0.2114694130942011,-0.2175294754381083,-0.1791093373934995,-0.3117894604769535
66,5061,0.2644909302388825,0.2679260627378541,0.4667922350541151,0.2809993140363926
67,5067,0.04745947681949,0.0714491191908905,0.0973635685854503,-0.0776273933572893
68,5069,-0.0500024649444191,-0.0566496015365922,-0.026341208756159,-0.1918949086103837
69,5071,0.2768975872138119,0.2732692530949352,0.3901967457724593,0.1709495442954607
70,5077,-0.2133646187217922,-0.2124814108984849,-0.125151046014818,-0.2216294592224921
71,5081,0.4948593526020337,0.5030010738601489,0.8108095668821846,0.5521802193157761
72,5083,0.0867127090557606,0.0858936077562204,0.3009123523594188,0.1134262165054089
73,5093,0.0187911406348626,0.0246201280135545,0.103286778463862,-0.0752305569211243
74,5095,0.3415577710042805,0.3488600083423745,0.5310092435287515,0.3138147454215294
75,5099,0.7180484148736987,0.7391643229263167,0.9438333586022922,0.6358434815812546
76,5103,-0.227714037008355,-0.2269510892137229,-0.0886917819677376,-0.2297906344209789
77,5107,0.0462744649976429,0.0584858215687058,0.1587809105170996,0.0029116203327157
78,5111,-0.033652402478315,-0.0357404642747869,-0.1183107775800882,-0.2256376334681069
79,5113,0.2758536973732954,0.2815606911223824,0.6452218358823416,0.3954768936227621
80,5119,-0.1044867928937787,-0.1129876038001373,-0.2219222674341122,-0.3660373659975309
81,5123,0.5525152694591098,0.5759080595243791,0.791381917368416,0.5690483270360776
82,5125,0.8519158185029223,0.8651448209350545,0.7974885576787358,0.5116859411022536
83,5127,-0.0324970391207627,-0.0315357209872423,-0.1069069494885691,-0.2106796648840205
84,5129,0.0108342349426426,0.0208364501488371,0.1431722717122121,-0.0034461536567347
85,5131,-0.26010070674936,-0.2700971751669847,-0.2865600796462096,-0.3945069394751056
86,5139,0.2428677197037509,0.2435374337638232,0.357980782361929,0.1613662100266535
87,5141,0.4925512473740618,0.5113136017131197,0.7166873073823543,0.4312551689899184
88,6015,-0.1595940399310778,-0.1595940399310778,-0.0859574112164772,-0.1708180034280065
89,6019,0.3761086156417115,0.3761086156417115,0.4431729043415735,0.286558289042562
90,6021,-0.2492122877362621,-0.2492122877362621,-0.1602661803388039,-0.2629534117402788
91,6027,0.1830154670581694,0.1830154670581694,0.1971018874834289,0.0790007854644123
92,6029,0.1728784680796131,0.1728784680796131,0.2353008060429982,0.0641102680764282
93,6035,0.6296708259894932,0.6296708259894932,0.8764225087097104,0.6896045497759788
94,6047,0.0616129003912397,0.0616129003912397,0.1991273050500803,0.0287578058679138
95,6049,-0.2308490512198675,-0.2308490512198675,-0.0784270794806899,-0.190883156687682
96,6089,-0.0335829520076571,-0.0335829520076571,-0.0001077292942139,-0.1244790700319216
97,6093,-0.0928952762218163,-0.0928952762218163,0.0334510468438311,-0.1366926136667844
98,6103,0.2253143888076436,0.2253143888076436,0.3620977691529203,0.1903166403039882
99,6105,0.3723375291905448,0.3723375291905448,0.5106528054198258,0.3074403252119819
100,6115,0.2088043382927262,0.2088043382927262,0.314956704645253,0.1866364601009316
101,8007,0.5268245173159234,0.5268245173159234,0.3640169974095169,0.2428637616224649
102,8009,0.0392562326598882,0.0392562326598882,0.2384768693374874,0.11242009377797
103,8011,0.4024821465770707,0.4024821465770707,0.532097313600439,0.3757710137949606
104,8015,0.0242597224308926,0.0242597224308926,-0.0180389168981475,-0.1399140933666958
105,8025,0.1768393919954758,0.1768393919954758,0.3559269125374562,0.1444912633767312
106,8027,0.4331282140535142,0.4331282140535142,0.3588844358174785,0.1468116102991576
107,8029,0.6054306345074263,0.6054306345074263,0.3945354375637973,0.2621659608158775
108,8033,0.9191061284493004,0.9191061284493004,1.0555550672312295,0.8686026017880593
109,8041,0.4233184956954532,0.4233184956954532,0.372094852262421,0.3178329106719066
110,8043,0.3953464715068773,0.3953464715068773,0.3990047656883735,0.1780921648089881
111,8045,0.0848297622356457,0.0848297622356457,0.0323645368150697,-0.0027298688001847
112,8055,0.6956023799340558,0.6956023799340558,0.9144662982849188,0.6100946954091357
113,8061,0.9165047712877594,0.9165047712877594,1.0569655538681555,0.9172478942819748
114,8063,0.1638412498853005,0.1638412498853005,0.2865426315972943,0.0862805698741357
115,8067,0.4217139573139705,0.4217139573139705,0.3885058423332583,0.3413948243523468
116,8069,0.4504800534257003,0.4504800534257003,0.3987829514620351,0.3457767434545942
117,8071,-0.1370440789015236,-0.1370440789015236,-0.022333979790428,-0.202896938617539
118,8073,0.7942851436574847,0.7942851436574847,0.9939024799827796,0.6670977592809961
119,8075,-0.281928741090468,-0.281928741090468,-0.3397998170438524,-0.4553743451347749
120,8077,-0.0031528233375096,-0.0031528233375096,-0.0671664928121562,-0.111597108140414
121,8081,-0.0743221243770279,-0.0743221243770279,-0.1158582823772151,-0.2813185244008861
122,8083,-0.3364744495663829,-0.3364744495663829,-0.3906899899496807,-0.4945671287601539
123,8085,-0.1133029950700238,-0.1133029950700238,-0.1725447898782178,-0.2897879978141605
124,8087,0.0091422819177116,0.0091422819177116,-0.1214221781138569,-0.2784119535567663
125,8089,-0.1126102840648272,-0.1126102840648272,-0.0150240197240186,-0.2220970643998998
126,8099,0.6041977985947855,0.6041977985947855,0.8018249639842956,0.6087597832465257
127,8103,0.7008084228896141,0.7008084228896141,0.7414063297164215,0.5107210539158844
128,8105,-0.2870868833576329,-0.2870868833576329,-0.3187110264382045,-0.3872970949224399
129,8107,0.6123421404171794,0.6123421404171794,0.5190070841815426,0.4693038305318491
130,8119,-0.0485740885646529,-0.0485740885646529,-0.1038483344264687,-0.1330486097196639
131,8123,0.3978674059117506,0.3978674059117506,0.3897124486352603,0.3365067433266338
132,10001,0.6200355290552408,0.6385567554200933,0.5157442637298342,0.3375076126784702
133,10003,0.811162250491573,0.8307281024121129,0.7639238801303225,0.533861520501465
134,10005,0.6789975172892633,0.7029337260616049,0.574157327966504,0.3585184805951686
135,13001,0.1410825840293739,0.1079683889299685,0.2279015458488609,0.1080071469002215
136,13023,0.2067038885005228,0.1661156137481081,0.211896898175729,0.0371983535630171
137,13027,0.2534346885320309,0.2030831313834047,0.3900423541728326,0.2113945100960834
138,13035,-0.2772454259441791,-0.3133640392581882,-0.2920653699566502,-0.3905638857228733
139,13047,0.3588506718447977,0.3343772720730351,0.1952352451330985,0.0721116609687657
140,13051,0.9557254268318738,0.9165980520317484,0.7436330728375662,0.5450607222036836
141,13063,0.537091092072995,0.5008828837263763,0.682883668883445,0.5313341277719403
142,13065,-0.0840912032527674,-0.1153843160356804,-0.0980859140950258,-0.1983882030061614
143,13071,0.542137658681477,0.505476008117693,0.6545667721356576,0.4442112414387
144,13075,-0.3035399068359863,-0.3269755373874176,-0.3864217190211582,-0.459935576392946
145,13081,-0.3641964475795959,-0.3860050692606139,-0.3415614298269468,-0.4271783483177338
146,13087,0.2189008126377973,0.1689493566305842,0.3228642266043633,0.1478415823040495
147,13091,0.6357078741052076,0.6146109840301959,0.9836738414158476,0.6653795760707031
148,13093,0.880312217942592,0.8379254596791665,1.0420651025490586,0.7322953184240057
149,13095,-0.0442755357423747,-0.0744514942865209,0.0578159007070293,-0.1239032298490631
150,13099,-0.0685656838850332,-0.1075770736015394,-0.1338388745485522,-0.2482274645731556
151,13105,-0.2205557417762884,-0.2417308452484741,-0.175697047869097,-0.2974199397881212
152,13113,0.8909620279720576,0.8699890121223142,0.6694748746818517,0.4831149368264471
153,13119,-0.0849228198848259,-0.1191111849555442,-0.1038477373634139,-0.211889566629473
154,13123,0.8321110047480047,0.790590878743515,0.5863175219340859,0.4090371090715257
155,13129,0.4541519402777019,0.4172632785219372,0.2221202830426636,0.0871996557414083
156,13133,0.4532888986756362,0.4339245337455646,0.4268512458604081,0.2413413146021508
157,13143,0.969185308629304,0.9030573985892638,0.8062985955762028,0.5418354668376311
158,13149,0.2037649373548355,0.1689199391031124,0.0616315513223899,-0.0037433066641148
159,13153,0.9764099718875704,0.9348680231768804,0.8710674986405254,0.6384846449674595
160,13155,0.8439980717209272,0.7873980959453402,0.9181260652818212,0.6019286270168074
161,13159,0.5392352298531979,0.5072532483065744,0.5321649092080263,0.4165278642028813
162,13163,0.5158848883939566,0.4909789188974658,0.6215990089981345,0.3640424883409101
163,13173,0.7125846450076005,0.6594293517524406,0.7275498743565603,0.4931455932123862
164,13175,0.6484155703893946,0.6048881702796964,0.8913964375027015,0.6297355894457741
165,13177,0.8643831008116964,0.8255811807277236,0.6889597441864541,0.4907943014939881
166,13183,1.135258228408373,1.055004715925003,0.9053658838998796,0.7006834239753583
167,13185,0.6242724634810968,0.5845127735737785,0.5855368788158362,0.3808890023120241
168,13191,0.2126634596690182,0.1725759830486473,0.2543597412841276,0.1039442891220214
169,13199,0.1269667581786522,0.0810542118054951,0.1857783476469852,8.40629055778308e-05
170,13205,0.1834483011090657,0.1438370210756943,0.1887528544543222,0.0487094315809601
171,13213,0.7906773475778865,0.7574389658614988,1.0213434618776835,0.7614851607292037
172,13215,-0.1392597602407634,-0.1665162810660392,-0.1442406719668386,-0.2777318977183477
173,13221,0.355288258132884,0.3080531767520353,0.1442544103181853,-0.0113731014199798
174,13225,-0.0661245398196801,-0.09588823914686,0.0070029983540289,-0.1212132795616039
175,13233,0.7358105270307023,0.6695069613753935,0.7420704005714605,0.512429398732813
176,13235,0.7812252993240307,0.715249794868928,1.005963026244436,0.7476666512694252
177,13241,0.8398149925916201,0.7945751884035295,0.8221631321394154,0.5905726881020938
178,13251,0.7223740868570141,0.6900407790676795,1.0730513034921918,0.7376001315442822
179,13253,0.5645526128826834,0.5014450585535408,0.6921734381921576,0.4820657435298101
180,13257,0.3870960581271194,0.3464293254577966,0.4558340697444334,0.2759226338751723
181,13261,-0.1637305865841263,-0.19418205810879,-0.257429101811042,-0.3746684818442204
182,13267,0.9021254621120508,0.8577446562893196,1.1793561791513911,0.8865092258450469
183,13273,0.3851450843642277,0.3826577031561478,0.4810936387089914,0.2415849679670714
184,13275,0.2404228464837883,0.2095174558240253,0.2540697567695991,0.1023298987722627
185,13293,0.6823864879120529,0.6302723134261854,0.8721441602919258,0.6066772840183212
186,13295,0.7251246717510327,0.6652929795296343,0.7311173077679274,0.4942687550247262
187,13297,0.6199186327615007,0.5807630547838967,0.4086790498767609,0.2759499191200358
188,13299,0.1544615351198452,0.1083269541899383,0.1072429045894347,-0.0342474027683993
189,13313,0.425104270749179,0.4133871157141475,0.3061390409441367,0.1109339635970605
190,13317,0.4049003086473266,0.3622859243584488,0.6146284768744921,0.3126385795170472
191,13319,-0.2693456317213289,-0.3009947557400952,-0.2090886949101312,-0.3054426081143749
192,13321,0.3188360734470528,0.2812222363401402,0.5275581315748079,0.3456644329665297
193,16001,0.0030432262896178,-0.0514921335439656,-0.0252781826902508,-0.0768542294257188
194,16005,0.1390630099501826,0.0516946651924778,-0.016974856619897,-0.0727929964455461
195,16011,0.3034786131268401,0.2441921943925298,0.1974392150236537,0.1345364706416838
196,16017,0.7270776445340681,0.6232027665975217,0.6314954687067391,0.5532860101417918
197,16019,0.3590487916150324,0.2805468001153273,0.3120968618322952,0.2583077582890067
198,16027,0.5957670663683985,0.5245135053785912,0.5028426389716134,0.4241841429578434
199,16029,0.7622188572743813,0.6645182372041933,0.680554536581899,0.6781625225296863
200,16039,0.403714992305942,0.3138512338423274,0.4152387759350138,0.3298638329316474
201,16049,0.4931690388446683,0.3920112091880114,0.5528459614565622,0.5484362240907958
202,16053,0.8417844155308924,0.7914801098489364,0.6487414690863189,0.5360873829049779
203,16055,0.0164874404706116,-0.0421764286962675,-0.0630903057131255,-0.1249165950448593
204,16069,-0.0366367372636557,-0.1060629923606952,-0.0998156813938986,-0.1603785879315888
205,16075,-0.2719041422008212,-0.3227637502729209,-0.3337408642624758,-0.362266472545662
206,16079,0.2992771690885647,0.229221258911993,0.4316721853301983,0.3756519721837985
207,16083,0.4364109864625614,0.3663083754358323,0.2413735708905466,0.179322086836059
208,16085,1.1105156131336038,0.9631705242448224,1.0370929739168997,0.905935645741015
209,16087,-0.0797563684788004,-0.1417904952647665,0.123269462731657,0.1107910695761404
210,17201,0.1960288309394495,0.3108293295810005,0.2742556721535361,0.2817053386333834
211,18005,-0.2182404434215478,-0.252310677309744,-0.3132750406097863,-0.4379949852941019
212,18009,0.8160307968533871,0.7156385555453741,0.8632552051224063,0.8577561121646633
213,18019,0.5080789412424676,0.4329264306469378,0.3756401095770911,0.2255171857907216
214,18051,0.5317245522183027,0.4530492386482783,0.4770332741593723,0.5034320087092448
215,18053,0.4495209778436855,0.3655186457468964,0.3519742208261469,0.3727732325684059
216,18067,-0.3043016685697624,-0.3371389768733054,-0.4462134694067393,-0.4444369633982317
217,18071,0.3056281090583783,0.2503659155995954,0.1391182679433784,0.0754469057159386
218,18079,0.5919165077817081,0.5287822674489451,0.3806209668053908,0.3892825090422551
219,18081,0.7547771374502905,0.6820370467357144,0.7320169293403969,0.5221059241025157
220,18091,0.485992724772663,0.4228826137715493,0.2974070602837637,0.2451915291487956
221,18093,-0.1367593983445225,-0.1751759855582183,-0.2777635884942232,-0.2950703565797382
222,18095,0.2092347639327982,0.1513164278562861,0.0187504799540376,-0.0703792576994122
223,18097,0.2864635245939948,0.2345246972508303,0.2501518277858741,0.0308144004799368
224,18143,0.5543563128912548,0.4848087648774744,0.6243870646092335,0.5097000789722719
225,18145,0.6529910577841105,0.5818577135544851,0.5659224875892839,0.35479996448989
226,18157,0.6914426368578583,0.6195592895456794,0.5135428052788669,0.2878001514440744
227,18163,0.6098185536076444,0.5480133760661416,0.324352376264484,0.1901375997788006
228,18167,0.5000330011837191,0.425832384184265,0.530260428415906,0.4421494433411441
229,18179,0.5649376610111054,0.4862732848476749,0.4945974149012291,0.4312080492446573
230,19003,-0.1438089514963404,-0.1845360690891674,-0.2459916867002017,-0.2604711051397461
231,19007,0.1595121753960171,0.0974985945057618,0.2424958591888084,0.2370594202934051
232,19015,0.6983701932753743,0.6428380446683739,0.6459778470306483,0.5429791068470571
233,19019,-0.0701129405937419,-0.1116549839276607,-0.122461095068185,-0.1324411690893561
234,19021,0.3143164048774063,0.2974324274458277,0.1448270005749889,0.1083258877135051
235,19027,0.9281076575291074,0.8554874466431204,0.915931051374922,0.9095751524144856
236,19029,0.6913395983139254,0.6357490633563028,0.4634077557546658,0.4622422908628394
237,19033,-0.0186227144707884,-0.0857924237219931,-0.1826815277052128,-0.2366639060606391
238,19039,0.1744242865668945,0.1160568153321093,0.020459433302242,-0.0275998598804657
239,19041,0.1080535131610973,0.0585720498663497,-0.0298838830108469,-0.028403971258847
240,19045,0.355208013846054,0.2915111148560181,0.2466992787199973,0.2477946165151565
241,19057,-0.1056336048799179,-0.1690845526366994,-0.1992461655853649,-0.2530930814941683
242,19061,0.6684891052437851,0.6016557877586384,0.4776139461945257,0.4027036597581641
243,19071,0.2547181120154702,0.1951804737784594,0.1513566826638879,0.1496660229408919
244,19079,0.3619252937569301,0.2972502378461297,0.2439944383230556,0.2216873796908112
245,19083,0.95500219081125,0.8723478358422279,0.6640415529682384,0.6663418825052452
246,19087,-0.1015215957946242,-0.1449853199232357,-0.2070540215279721,-0.2268746378059147
247,19097,0.58919554569001,0.5353412880826585,0.3554046311877037,0.3594252374123623
248,19099,0.9755549400583512,0.8772223617434387,0.8222853269106967,0.7385498058282121
249,19111,0.5424290066760127,0.4636209425162807,0.521477676790727,0.5259504162834603
250,19113,0.3814904056141435,0.3262646723938978,0.274119410030925,0.1801832648984072
251,19117,0.5627530369885165,0.5140420286938607,0.4703193255106985,0.3805932014366853
252,19119,0.6242323026809822,0.576466441560014,0.5877223609249875,0.5594869571684529
253,19123,0.4882691507924843,0.4495179763497303,0.3167618648117198,0.2904313311870024
254,19127,-0.0015881465098358,-0.0361690565011754,-0.0401803011758965,-0.1061386059163201
255,19129,0.008059611492323,-0.0369323092495064,-0.0366177535417221,-0.0870511240685424
256,19137,0.994302555221784,0.9124419478055708,0.7954854560912443,0.7845263808731313
257,19139,0.4579534089059245,0.388702650684994,0.332674374258298,0.2702502364336956
258,19145,0.7494266904394362,0.6792714934235382,0.5932915267331664,0.5737998983241375
259,19147,0.3592194000933271,0.3057751832310007,0.244200751274799,0.2216264147840374
260,19149,0.5709913350841067,0.510500948926959,0.5385804892281962,0.5255014197881234
261,19153,0.7365116300495069,0.6737670367347066,0.6015749774252293,0.5149454568350442
262,19155,0.2013238649830684,0.1580929046841297,0.0723666974551409,0.0218928415172026
263,19163,0.0115729199478993,-0.0339091463556576,-0.1075794690908432,-0.1578484348050903
264,19179,-0.2181645060409839,-0.2846265030701276,-0.2616476783469291,-0.3096725826448889
265,19181,1.076127888748788,1.0048000915256727,0.9975837517404972,0.8879991055664005
266,19187,0.9586368189814694,0.877842732014551,0.686348942202746,0.6781596554044578
267,19193,0.110932819697864,0.0644628564300271,-0.0612108483813873,-0.1050405878541548
268,19195,0.4557707887172519,0.3906032671613109,0.2922624810328869,0.2977461853834831
269,20001,-0.0700830998687325,-0.1178869288987638,-0.06966467110669,-0.0925789388164516
270,20003,0.3770542607385247,0.3175247813633355,0.0972666261180874,0.1078290444602623
271,20005,0.0145212414313096,-0.0277226631454223,-0.0782569479364491,-0.0971718551280289
272,20009,0.0930884202497535,0.0453364030541134,-0.0293847686305575,-0.0463527049976945
273,20011,0.513599792765288,0.4394014348601529,0.6682002692324016,0.6187725549372285
274,20013,-0.1363088704000206,-0.1860423462852126,-0.2162459090974173,-0.2333480515560073
275,20015,0.701660009355016,0.5926064324150782,0.5701522864790174,0.4043387410563428
276,20027,0.995100339241176,0.8864113143516164,0.6801633586541769,0.5206073379902778
277,20029,0.3861787406095105,0.3181615809785527,0.3751584195298609,0.3425584764418647
278,20035,0.7096397063451851,0.6429715609032787,0.4581559429810904,0.4132811403278531
279,20037,-0.0316667479370471,-0.0784443374307787,0.0012551463520302,-0.0367444376094069
280,20041,1.0465384580123311,0.9613168418052438,0.8510757653009318,0.8056805433016567
281,20051,0.1924666091611693,0.1459446114325659,-0.0137408149682631,-0.0497353638564256
282,20055,-0.0797434204004776,-0.1183365590714562,-0.1676965496751706,-0.2961690714047872
283,20057,-0.1243840223758482,-0.1590464090869117,-0.2735774137466414,-0.3350984354265526
284,20059,0.4747375687238939,0.3766086310988026,0.2300836496299212,0.1361741164867744
285,20061,-0.2731558978098397,-0.3432659459029743,-0.3677410165818118,-0.4139468554305964
286,20067,0.9861998744068196,0.9128402161532124,1.0214130325068118,0.9675323548378378
287,20069,0.6957829009607635,0.631828933558394,0.7305956359427159,0.6734496937642189
288,20075,0.9784873506944054,0.8872779983455708,0.8063114263548983,0.7787257107252672
289,20079,0.3025551859901783,0.2512675484378914,0.2201852775690791,0.1805025589295623
290,20085,-0.0898957713570275,-0.1478386543961588,-0.1949107795126096,-0.2645230646126275
291,20103,0.646243596099167,0.5417559405466543,0.5415034688457308,0.4884724673909004
292,20109,0.5269564764722092,0.4559342577070802,0.3659254160945888,0.3164617823929017
293,20111,0.7191256312792689,0.6449754147415871,0.4966150737863231,0.4823823004380785
294,20123,0.8625299464805338,0.7801298965134702,0.7584278624480751,0.6991014576902606
295,20125,-0.1903810857472732,-0.2305755077391368,-0.0900614776004669,-0.1246084184015953
296,20129,0.524224135860849,0.4627108515760036,0.4639863354876494,0.4281517148924945
297,20135,0.7981262817856332,0.7120762219889352,0.6781614888803404,0.6538694373789746
298,20149,1.1480059803595486,1.0092407282101048,0.9632289751047648,0.886485942069001
299,20155,0.1107533878043423,0.0665130152974686,-0.0722246584169291,-0.1383772941946542
300,20165,0.3477414824657692,0.2869538596631269,0.2384089757008138,0.2020235714661178
301,20167,0.5367472638677584,0.4585413676091121,0.5656276360863406,0.5118188800427419
302,20169,-0.192887064949534,-0.2429493800443554,-0.3571641656465285,-0.4222939819846126
303,20173,0.949889641125923,0.8302110862896983,0.7933756690614353,0.6713433213554159
304,20181,0.1956857213446543,0.1413598258848636,0.091500195345038,0.0604326053722987
305,20193,0.143419796749127,0.0971025468422959,0.0227229094221859,-0.0156180472039749
306,21001,-0.3555674360542387,-0.3866067851007648,-0.3687493278704771,-0.5045956683812254
307,21003,-0.127500863494175,-0.178376082713779,-0.156416933035758,-0.308399619299613
308,21005,0.7682377016267523,0.683612230881026,0.7212168141633297,0.4329384049885567
309,21007,-0.1014578585170122,-0.1528314285868823,-0.1292568254952849,-0.3046318553466248
310,21009,-0.2032566341415125,-0.2411418516839837,-0.113577321513381,-0.2809941742664051
311,21013,-0.4319261230947029,-0.4593425067670055,-0.4637920197665858,-0.5384652405329893
312,21015,0.1448421419310144,0.0954346070508205,0.0576729929876771,-0.1253388522390285
313,21017,0.1181032605537508,0.0541794841278213,0.0961386361405842,-0.1079126327975376
314,21019,-0.3612568989402747,-0.4007542789308995,-0.4230460357321263,-0.5310692582774763
315,21021,0.1854734953261134,0.1335271372378492,-0.0118103762716573,-0.1926315580971989
316,21023,0.6681843032721593,0.5993257165838499,0.6484585046323519,0.3581611781406826
317,21027,0.4188740243110904,0.369828119168806,0.7372083695423235,0.4068210436158075
318,21029,0.7550346040541565,0.6649426680075154,0.8288872070755497,0.5621356800583563
319,21031,-0.0983216569336425,-0.1395721570481675,0.0687269299564372,-0.1094828003288109
320,21033,-0.2812905372736749,-0.3196556790590257,-0.3443671308569276,-0.4733709322005112
321,21035,0.7831790466386452,0.6906774364436779,0.7162291790321607,0.40579622058869
322,21037,0.5110713125520616,0.4488176157333392,0.2935145319934504,0.0795103108739561
323,21039,0.5959207922895045,0.5202355889969144,0.7587603976654453,0.4556686503777387
324,21043,0.4558394255404818,0.4036034333938165,0.6520926246834706,0.3840104626667329
325,21045,0.0088711016587386,-0.0332882374846896,0.2588649891693646,0.022344076875046
326,21047,-0.2619878517807092,-0.298788311438793,-0.2020946886392097,-0.3553459425389531
327,21049,-0.3745000449165355,-0.4046690982539026,-0.432239289213682,-0.5258587848962134
328,21053,-0.1023584370856967,-0.1389636182201667,0.0218277614387505,-0.1358565935597033
329,21055,0.7489872269379336,0.6707931475331239,1.1112601010171166,0.7134890657835293
330,21057,0.7086953877792257,0.6407083356521242,0.9998729055390924,0.589555512449121
331,21059,-0.1272394634289119,-0.175076193669175,-0.2470908744407576,-0.3783405763802147
332,21061,0.9503060488771872,0.8420975784358933,0.9061455327210182,0.5652148866100306
333,21065,-0.1277187460729711,-0.1584953973732606,-0.0710083659659425,-0.2170337940645452
334,21067,0.015251276863837,-0.0313321060366085,-0.178978773859646,-0.3206748870916388
335,21069,0.383745601092635,0.3339418912752432,0.6000149037919718,0.3127898639756972
336,21071,0.0361169848253097,0.0014833903610937,0.1856815481597669,-0.0148201506953488
337,21075,-0.4072210839862664,-0.4341893461207015,-0.4053648980953597,-0.5279528542833676
338,21077,-0.2732944938220344,-0.3075224388428457,-0.356381497936775,-0.464388744366294
339,21081,-0.234838548324445,-0.2694575689049923,-0.2962790297494339,-0.4154275319890177
340,21083,-0.194141539288253,-0.2405463947442504,-0.2851049680512387,-0.4042975901447503
341,21085,0.0693339798513545,0.0248557816763537,0.1161906967535362,-0.0605052725538581
342,21087,0.9065780455164896,0.8291484581111204,1.2951848314891543,0.8422105691618926
343,21093,-0.0566590599091375,-0.1044171095214238,-0.1607630571620326,-0.3005238646097788
344,21097,0.7541086060242621,0.6780150640858047,0.8355130730603386,0.5562181376992095
345,21099,0.8854488499074149,0.8081552936239582,1.2497753150261874,0.9158192239853092
346,21105,0.969269665575941,0.887888534095757,0.9730583007881994,0.6508277605545703
347,21107,-0.2945276909324509,-0.3328028508131588,-0.3772087415852073,-0.4797573945890542
348,21109,0.8194613826918311,0.7633887484701127,1.383189502367704,0.8727086255629213
349,21111,0.0977791534786662,0.0451278321704968,-0.0689011033045335,-0.2264060397882201
350,21113,0.0736638596746745,0.0274083401638332,-0.0964487033257019,-0.2329321812135184
351,21115,0.204945854822419,0.1532442750449132,0.2748259371591808,-0.0021941176153841
352,21117,-0.1666608833409878,-0.2030822682228551,-0.2755598664960579,-0.3902276704060704
353,21121,-0.1380595910450993,-0.1682778822774375,0.0421897199556826,-0.1846493634440212
354,21123,-0.0556218787554466,-0.118645846293831,0.1150441346410757,-0.0841157984842456
355,21127,0.4573965298574323,0.410938652398009,0.6529134479047007,0.4009486308693841
356,21131,-0.0389453714578759,-0.07180218531064,0.0051969387640917,-0.1309549771523199
357,21133,0.0723556805941776,0.0378068456344269,0.3402700885781264,0.0959537051391141
358,21137,0.1294156659605538,0.0834469282644094,0.2612633263924551,0.0363756679229734
359,21141,0.1491014029762862,0.0925168305513786,0.1635243832499853,-0.0239406117524227
360,21143,0.0141262376256239,-0.0353610908712161,-0.125120301503489,-0.2575393700971068
361,21145,-0.2039828178691457,-0.253716820393819,-0.2698208345986478,-0.4103864322579272
362,21147,0.2306376768601288,0.1924842536312634,0.2399890661735495,0.0535165269052877
363,21149,0.696490842299939,0.6061793764826702,0.734597286270888,0.4333944291020268
364,21151,-0.2702727117044088,-0.3062943009666895,-0.4115522614405444,-0.5196469052538362
365,21155,-0.2104880030714432,-0.2452030234398372,-0.1503052972262057,-0.2883677448082339
366,21157,0.5200980792769703,0.4497876844615747,0.4138142895912149,0.1721099700959125
367,21159,0.1278736730509413,0.0859231763211139,0.3633552627114724,0.0595451335027248
368,21161,-0.1461111407814009,-0.198570571166279,-0.1392154372274998,-0.3163021640269244
369,21163,0.6558706632443985,0.5679226720137116,0.5697069646200061,0.2983655290733025
370,21165,0.39038428172733,0.3478281138729162,0.4862692837335933,0.2297011184282964
371,21167,0.523117031285087,0.463944187227659,0.444684532680631,0.2051654977417407
372,21169,0.1249428735712767,0.0760512215702937,0.3466639343028863,0.0951638419484837
373,21171,0.6798070084377761,0.6072841055150273,1.029355395766124,0.6288520045039685
374,21173,0.0667180265248186,0.0220916531640797,0.0668353858346517,-0.1353011299208915
375,21177,0.1230618806780576,0.0875078356288381,0.430130937791445,0.1665973827112659
376,21181,0.3749209577160584,0.3225992450373673,0.5050908565151808,0.2995268796246038
377,21183,0.441277398835957,0.3735310254219246,0.7759705078023111,0.4301212769412836
378,21189,-0.3091122749850178,-0.3410307495954667,-0.2755660859043708,-0.4311156075849901
379,21195,-0.3783696339355755,-0.405833325603295,-0.3124363270333191,-0.4852425348234167
380,21197,-0.268844861776718,-0.3022198501450767,-0.2658000267722726,-0.4069158572537033
381,21199,-0.1469556187177494,-0.193420387926453,-0.0408688242968919,-0.220552357111007
382,21203,-0.1060425307719488,-0.1404961413584418,-0.0639765264922335,-0.2075264362825574
383,21207,-0.3608438118392966,-0.3883786582541789,-0.3527762040457816,-0.4704499374041103
384,21209,0.3003485772590952,0.2414910264898002,0.1727166677717972,-0.0112308574272655
385,21211,0.6919415690170201,0.6248875690670861,0.5695754167673248,0.3256796162533035
386,21213,-0.3439885917813765,-0.3766866418255242,-0.4089261309884329,-0.5140697578744027
387,21217,-0.1507081431783099,-0.1964776776624441,-0.3028080165691469,-0.4130604272430378
388,21219,0.4594932754956973,0.3884892489159048,0.5894458557606452,0.3060853115698527
389,21221,0.9245668859592412,0.8119606054532558,0.8488686811959589,0.5465846479664729
390,21225,0.5288532836057029,0.4587256031045466,0.516779608873672,0.3068277935282595
391,21227,-0.0349687119557663,-0.0810311922691835,-0.211046491241137,-0.3440775420953864
392,21231,-0.4632952328345624,-0.4849742253185404,-0.3869203139212486,-0.5052800591731744
393,21233,0.3469069521220911,0.2891713877574269,0.390342623544736,0.18590291989457
394,21235,-0.3587850901846868,-0.3922064926570282,-0.3863731506312955,-0.5246422440913505
395,21237,0.0240982435134955,-0.0128785970324619,0.1166650906316242,-0.0424549524466246
396,21239,0.9788097139706088,0.8881639456375423,0.6652063837757802,0.4029246117287206
397,22001,0.3871635513420173,0.3611977775469437,0.5843715616554177,0.3596088924691527
398,22003,0.6222881552375805,0.5820727643156511,0.7207839567758818,0.4999069946518526
399,22007,-0.0495136114015098,-0.0657388461929173,0.0436057524765933,-0.0808557826680753
400,22009,0.0739931460538505,0.050869004449362,0.1332816780783075,-0.0435315532035855
401,22013,0.2436405050243377,0.2080581685746512,0.3820541112597075,0.1538723234039258
402,22015,0.9957294295828352,0.9280646960726198,0.8708124135947144,0.5889347383532824
403,22017,0.0100980952858249,-0.0134471964087483,0.0121812187191925,-0.1427433820997554
404,22019,0.2736771051075801,0.2234254752404532,0.0994287796778292,-0.058935758425289
405,22029,-0.0851719491921392,-0.1139992716650253,-0.0614255401001996,-0.1920719599385748
406,22047,0.4059154858551148,0.3676607660561362,0.4705216566830494,0.2728019712093543
407,22049,0.6858395246384272,0.6291987335661402,0.920908318621859,0.6601147952640578
408,22051,0.6840482522835776,0.6378138050163547,0.5816158160087264,0.3891429232843457
409,22057,0.6109488014053794,0.558261184834284,0.6251543549788292,0.3794525284126848
410,22061,0.0359108510339356,0.0040524215028809,0.0302843485552251,-0.1649600010282468
411,22063,-0.1897685599720112,-0.2154549544216857,-0.2587391457463718,-0.3570406947298592
412,22065,0.4086516587354893,0.3937553130176243,0.6499014675136277,0.4142774455395674
413,22067,-0.0224423568882075,-0.0375016473630706,0.0105762775522131,-0.1374083608620276
414,22069,-0.3409243168989826,-0.370906791778677,-0.3813676691874249,-0.4840755593247524
415,22071,0.1005935728968625,0.0529982875977177,0.0611341464161896,-0.0705884959474254
416,22073,0.2681102959499069,0.2371786029170906,0.3147913248899796,0.0991483986451766
417,22077,0.4525114359194147,0.400269154676832,0.4435822366130835,0.2280437767296381
418,22079,-0.2391216391800131,-0.2723333118791102,-0.3020631585413664,-0.4085620671484082
419,22081,-0.0259750446121019,-0.0582203901484628,0.0679818669802738,-0.120195491476657
420,22085,0.1773245928837477,0.1413209038068523,0.3121550022517625,0.1266554064860123
421,22089,0.3485470972197744,0.3198476948855744,0.2847974275722089,0.1418405824636435
422,22091,0.2830129759551023,0.2530353423276912,0.4384742594752828,0.2050161856119772
423,22095,0.5891002508069947,0.5486253106087502,0.6796612291268376,0.4813398807712834
424,22099,-0.2234226642072602,-0.2513066819438619,-0.1933121175649708,-0.3152968702635434
425,22103,0.8398449765938114,0.8071587038849874,0.7726839223762985,0.5677165024889097
426,22105,-0.1772035769453108,-0.2150258109363969,-0.2003973435733268,-0.3188473060987181
427,22109,-0.1111158178245751,-0.1445674332240678,-0.1801547841464837,-0.3014122194608878
428,22111,0.3223439732016104,0.2931429577097495,0.5576780832894659,0.3016450308312441
429,22113,0.9111897406133824,0.8399685024487686,1.031683804351247,0.757578949954578
430,22115,0.5645250863301254,0.525701708853425,0.4894496124196255,0.3190352472191877
431,22117,-0.3699388903986421,-0.3872628543236017,-0.3401416407467293,-0.4422313212796505
432,22119,0.3763003591239262,0.3282536466628243,0.4922091529398202,0.2382046273803515
433,22121,0.9554335714552996,0.8973328263905604,0.750741490982461,0.5323888812272088
434,22125,-0.183743957239409,-0.2009003612962367,-0.2895687829516418,-0.3825094421166487
435,22127,0.0865964654852442,0.0610174419213336,0.3193884067377162,0.1140936290381124
436,24001,-0.2441584562476657,-0.2426937530917114,-0.2586332155682489,-0.4538565455863654
437,24005,0.7344465299511376,0.7336738513883172,0.6309183784868957,0.452605148373846
438,24011,0.0700888769516854,0.0683820375372126,0.0120733874461198,-0.095478306366333
439,24015,-0.1582825775846643,-0.1595674011629877,-0.2328487182566659,-0.3059244833131371
440,24023,0.2434397592792896,0.2451962038498538,0.1574274991605488,-0.1177265507334667
441,24025,0.8707948835672028,0.8699587564045366,0.7359703129826758,0.5450012809592713
442,24029,0.1396004922052283,0.1391151885459545,0.0819136060059506,-0.037603913648417
443,24037,0.4088778560060011,0.4082723925487168,0.2686751317818592,0.1374724926095691
444,24039,-0.2765137109646205,-0.2757494940813344,-0.2546252889751266,-0.4879259046745378
445,24041,0.2311968791332181,0.2306616296267107,0.1205351376772465,0.0227809565773564
446,24043,0.2294379886575432,0.2248444002841072,0.0777008526044531,-0.0558543581446828
447,24045,0.1067834937874185,0.1052112551648514,-0.0333827565869796,-0.1191192934566046
448,24047,-0.3788383131234651,-0.3811689811756827,-0.4462711753975958,-0.5358976860717988
449,26003,0.6440583368903914,0.5828095337244539,0.5351264018615933,0.6387195317357082
450,26005,0.1179439466485294,-0.018490478000255,-0.0314381664217714,0.0112416993875581
451,26007,0.2360305021532622,0.0617241733332809,0.3227427374576914,0.4045708494846933
452,26011,1.0734235570344883,0.8689806352548048,1.2155376181904969,1.327525558468094
453,26015,1.0805210905626677,0.8124093659869982,0.840234924502683,0.9383754795099366
454,26017,0.3674869105690452,0.1531169466940805,0.3310370872760484,0.3961034828956515
455,26021,0.165607852462184,0.0079188180621849,0.0961291322377413,0.1283462807537541
456,26023,0.764117355256303,0.5652616427089718,0.6329254860364462,0.6851918321262365
457,26025,0.2645482985042431,0.0748151149838116,0.2075443005238244,0.2748419776056388
458,26029,0.8686953267252493,0.6432773870378641,0.7117058150252094,0.8064032453074643
459,26033,0.650211028117597,0.4109915233463903,0.5848331759291856,0.7170309183425472
460,26035,0.3665463420992534,0.1548679362320602,0.5588673610750343,0.6409635402935372
461,26039,-0.0335309804647605,-0.1858886825190019,-0.0794687330182147,-0.0240892495829635
462,26041,0.4322887470083785,0.2315121353463989,0.387598479549778,0.4965817806889947
463,26047,0.6792397019099707,0.4698329007062125,0.5375645455273463,0.6010188333801871
464,26049,0.7450673877343525,0.5077361728732241,0.6171386175483318,0.6788728309169008
465,26051,-0.1241832604337124,-0.2761734000063266,-0.0609521311786639,-0.0123868983871674
466,26053,0.5721141315928264,0.3653049630676257,0.5789495852835489,0.6908387688788153
467,26055,0.0979698481422193,-0.0539200330301601,-0.0258182046174659,0.0164822457157909
468,26059,0.0905758924607114,-0.090978395096488,0.03779315596767,0.0872830501676511
469,26065,0.8941465984165724,0.6285844171659614,0.5456888999752914,0.6217772236101999
470,26067,0.3563754896771118,0.1564659523127753,0.1222293955875115,0.1364445406004373
471,26069,0.3089581461930113,0.1266626905424026,0.3719953745948912,0.4570218825426102
472,26071,0.7361597856860016,0.569696753345637,0.7320966152689798,0.8458792065599903
473,26073,0.1151965752373984,-0.0291669349894557,0.0313175699096419,0.096231126432454
474,26075,0.8549199754615437,0.6108891318847058,0.5976370518179357,0.7113965379727656
475,26077,0.77958885472288,0.5288166506876986,0.4516095177177528,0.4868494725219756
476,26079,1.0780016839981554,0.8656746403259845,1.18902100873141,1.3118790392250848
477,26081,1.0590722608011245,0.8722807213189117,0.9140403458942724,0.9017352093779664
478,26091,0.5199388733282218,0.2950086500594822,0.3234614715561343,0.4156105776446515
479,26095,0.1036422272581534,-0.055209918215719,0.1184958287434392,0.1890106938189915
480,26101,0.5441590319191683,0.3138139143828886,0.5045810121352852,0.6350279314042973
481,26103,0.6254968576822768,0.4444605354869242,0.3519261602160224,0.4191429524481855
482,26105,0.3486112771728846,0.152011825756827,0.2686358485517104,0.3508919580678316
483,26107,0.1379854007313514,-0.0198010612878469,0.1317827808052987,0.2228600453216667
484,26109,-0.2473733614998048,-0.3458506937503869,-0.261224349180331,-0.2147244392240151
485,26113,0.4768549540241784,0.3222563494670623,0.3883370209468417,0.3998634681163791
486,26117,0.3331682276843897,0.1420816494069678,0.248773020219452,0.2749405858000828
487,26121,0.2422080403926727,0.0708535741451252,0.1977558814641251,0.2634804357409572
488,26123,0.1691754084508876,0.0277896137028084,0.0103965124922096,0.0732213591916868
489,26127,0.1600529433730271,0.0100570885162012,0.0250430583230201,0.1151660292936616
490,26129,-0.2111740700266765,-0.3318499588377063,-0.0930428845187947,-0.0527409411966889
491,26133,0.0695897079534406,-0.0290882899661493,0.1107394892817488,0.1640790537094547
492,26135,0.4787075598370236,0.2459126408993546,0.6627232593729697,0.7868105506755052
493,26137,0.5368493325480115,0.3437413282668886,0.3344293036165109,0.3898885915197652
494,26145,0.3607612461145635,0.1729442889909158,0.2730820300597998,0.3119610524597043
495,26147,1.0328433438162603,0.956545287888638,0.9639622256970416,0.9553607881724488
496,26149,0.3322014316501107,0.1318795975257203,0.2354076171553596,0.311826398680656
497,26153,0.8475272409678547,0.685502489365936,0.7663116373948353,0.8640232098778793
498,26155,0.4746483288204643,0.2749540653117877,0.3533687571733876,0.4428124017441863
499,26157,0.8082972443517666,0.6302139513653755,0.7412838498721852,0.8206614914345063
500,26159,-0.0117724044052068,-0.1487134338031565,-0.1277072421148666,-0.0762257419500689
501,26163,0.6092132631757228,0.5126420028153691,0.7022116364695736,0.7273084847183318
502,26165,-0.0450707284187561,-0.185515389466513,-0.1395345997842885,-0.0992903626993039
503,27005,0.662218961609288,0.6979983846364433,0.6946756482874363,0.5468608701496411
504,27013,0.0185094088385726,0.0239416261880069,-0.0472805513576699,-0.1326354194660454
505,27021,0.1750529301478549,0.2066844826791096,0.1557805620347754,0.0687115610027702
506,27027,0.3980320034545712,0.4169659834189851,0.3319820361201355,0.1885502923495832
507,27035,0.4846700948646507,0.5046449330690446,0.4980492310682267,0.3729498447418233
508,27041,0.6167320798383433,0.6348296589385738,0.5300245308780862,0.3976751633713686
509,27047,0.5330982552477319,0.5687092755110161,0.4823917312638712,0.391457242504323
510,27049,0.7016523297213242,0.7605159602497595,0.6587830893017315,0.5375237921286427
511,27053,0.6179883977632952,0.6489925139448753,0.5474026875760876,0.4689550951236805
512,27055,0.6251136531935997,0.6730684994469882,0.5759611969423017,0.4515395023509259
513,27057,0.0981777845322819,0.1148708402711022,0.0759323226018549,0.0003772070552567
514,27067,0.4443729518225516,0.4727250148599744,0.4921555248710463,0.370996422704626
515,27087,0.5032293402507697,0.550154981104253,0.9420947333260952,0.8775793740136011
516,27091,0.3500580231845192,0.3732418937159403,0.3252066534636719,0.3120427496559157
517,27095,-0.3890759524174854,-0.4013520248843292,-0.4435839022378174,-0.496478072730706
518,27099,0.081159224680515,0.0898728806054607,-0.0453736222817999,-0.1037863110463573
519,27109,0.9026004519213467,0.9368658328532404,0.8613137750921942,0.756990033896608
520,27119,0.2568505314676834,0.2851043169310621,0.2545736437458266,0.1564366794330369
521,27123,0.9164846664756234,0.9429311080153082,0.8321361057296315,0.7553060292023497
522,27127,-0.3098010692443783,-0.3000184070480781,-0.3010595086382466,-0.3118707313237735
523,27137,0.3083495356404069,0.3237385532046573,0.2875458282254748,0.1730144721154787
524,27145,0.3447652667310659,0.3704889915288416,0.289437289725565,0.1834898599590171
525,27155,0.6927964968060922,0.7252515325439244,0.6925891657781154,0.6766311513507974
526,27159,0.4570412905961851,0.5168269328591795,0.7226933510948046,0.678766792226942
527,27165,0.6925105909035028,0.7193729058886702,0.7870560448915462,0.7546916967889854
528,27167,0.1112332275127203,0.1100079575131287,0.0572673734302806,-0.0340933771015194
529,27171,0.5490076566216895,0.5770882997717501,0.4985490988572494,0.4423276285381761
530,28007,0.1779600937104883,0.1666877517310698,0.4229663928344125,0.3390688156266492
531,28011,0.3983052574540255,0.3883962821039892,0.3502463789420516,0.3561580586233452
532,28019,0.6241259924866629,0.602330028997863,0.966635602791992,0.7947162445095841
533,28033,0.6081905053256333,0.5475983133912807,0.5834114698178692,0.4014172741015209
534,28045,0.0931860908170809,0.0567357316334595,0.0559079935306117,-0.0951350761486659
535,28049,0.0432344832123463,0.0005085534752216,0.1000182231783965,-0.0711894051465844
536,28059,0.6596589379922091,0.6314620368348003,0.5944873568446221,0.3896770485777061
537,28067,0.6170306265694598,0.5966337134272997,1.0490501265684786,0.82759874306003
538,28075,-0.0281589452444974,-0.0447957339078297,0.1679409109844012,-0.0097524428223939
539,28083,0.0265204506187743,0.0142387202147582,0.1160898646677268,0.0420248801603142
540,28085,-0.2655350969480265,-0.290393400622881,-0.1084933381568483,-0.1885699990574075
541,28089,-0.0308293166370628,-0.0727173128360069,-0.128626876541252,-0.2424676308512454
542,28099,-0.0541188269642136,-0.0662364662427161,0.2547237243696747,0.1537380133537458
543,28107,0.1931864720740941,0.1786115797447367,0.3579103993013368,0.2517725231026044
544,28131,-0.3137444165793067,-0.3277310259832321,-0.2109609759899903,-0.2801803095589316
545,28141,0.3354692584729157,0.3248329129054901,0.6503281446369789,0.5600919693279349
546,29007,-0.0801905863967231,-0.0930106622142012,-0.0306895600331964,-0.093884836628843
547,29009,-0.0635699409224149,-0.0770948819067985,0.0496773829994279,0.0113423506708629
548,29013,-0.0597792303670166,-0.0684091821893413,-0.1261540639381487,-0.1745404593062808
549,29015,0.6617840953108547,0.6325677661301747,1.026071170906904,0.8908658985205313
550,29019,0.3923461450727161,0.3388874175123078,0.1711432489624869,0.0572413150046975
551,29021,0.3189534054081606,0.3043829336462214,0.1427020113144592,0.0643058653352859
552,29023,0.0034301247602297,-0.0216651430662362,0.224416312100387,0.1353981819359406
553,29027,0.4591426663460238,0.4346386446620598,0.3222788435077597,0.2407217857577208
554,29035,0.5728836609152692,0.5767014832082005,0.7191249410224418,0.6212990422904019
555,29037,0.2654986048628978,0.2588484807230009,0.1731234559731957,0.1000576744828471
556,29043,0.350407206086835,0.3040759301089735,0.2366539973683619,0.1238121340700593
557,29047,0.0913518136932227,0.0520646715928818,0.0066783326353017,-0.0619202016272059
558,29049,0.1661072840169248,0.1630725922092017,0.0522564178097506,-0.0108592760570624
559,29053,0.8455344211078399,0.8189917250384176,0.6095066245543981,0.5779011830692662
560,29055,0.8790420439330286,0.8446091818831616,0.9120442584268956,0.8825140037357915
561,29065,0.6647182954665605,0.6399561252933974,0.8605685413304354,0.7960345509898523
562,29069,-0.2756124245309891,-0.2951890100523535,-0.1512552507536881,-0.2012121242003126
563,29071,1.0638962182259508,1.0337661040138393,0.8829428597233024,0.7620037419235812
564,29073,0.7154887351596009,0.6817386626003681,0.4534349173462755,0.4351690428984873
565,29077,0.3559706755709737,0.3036071858823153,0.3352161676600733,0.200763231721277
566,29079,-0.1301916050907945,-0.1550053999774612,-0.1210300451318344,-0.1372172361610484
567,29091,0.1850963796570701,0.1555552334955072,0.1155140332928525,0.0831023708655722
568,29095,0.453189486565078,0.4122755278509669,0.2688571106512227,0.1851181477658008
569,29097,0.2252492259810079,0.2037537709789305,0.1356906258327219,0.0582679126551188
570,29099,0.729190366423575,0.6951567400454277,0.6076479489951816,0.5247483783806721
571,29101,0.7842295364257137,0.7477052772256034,0.6445409866718561,0.5234467280750204
572,29115,0.8171527194237027,0.8159700940756844,0.8320948087336844,0.7415864945488531
573,29117,0.2765275595176548,0.2710808112829921,0.1614689186284537,0.121893111474516
574,29139,0.7133631418029935,0.7029507379945266,0.7642773474050188,0.7069878521586845
575,29141,0.6579359356483541,0.6139615540208905,0.7685123146159591,0.7262919001149215
576,29145,0.6022840760388972,0.5649863993605346,0.3595016426373398,0.3388966697258575
577,29155,-0.1796884939219211,-0.1902219906481972,-0.0414049246686337,-0.0903286017770257
578,29157,0.3433051917961662,0.3437314251656598,0.1577652125779116,0.1133927931040041
579,29159,0.0976519946584117,0.0711146039142487,0.1095785210639102,0.0478352184750214
580,29161,0.536301159608189,0.498787165368862,0.3734399097048702,0.2702972313330372
581,29169,0.6845635705818427,0.6167298626005266,0.5908891610554643,0.4147188598064395
582,29173,0.7841369126338538,0.7833273883127168,0.6376128968389487,0.5922799109091934
583,29177,0.6373304617022795,0.6619385642869555,0.584961519289235,0.4998655525233062
584,29183,0.3823493016158064,0.3329087528350727,0.2901913287515416,0.1577108597929679
585,29187,-0.1866863904692812,-0.2116708954321486,-0.0183874087010983,-0.0566536094034378
586,29189,0.326522710489922,0.2730266699466512,0.127073086385749,0.0118191737141448
587,29201,0.0061589844599758,-0.0090588358533509,0.0805023191498681,0.0290810806509902
588,29203,0.8112989769211612,0.8128925672949865,1.1110813984920562,0.9901545801975076
589,29205,0.7721479266896476,0.7762662453292826,0.7188522715891996,0.6807445286790459
590,29207,0.5464509266488409,0.5302669763921186,0.6944618104946167,0.5807529256500035
591,29213,0.5584612182171058,0.5299366557798413,0.5325259767562056,0.4096576576929567
592,29215,0.148648752623655,0.1171928383849365,0.3671444548956637,0.3145932186154774
593,29217,0.393861049022133,0.3737539429467467,0.3681240427374996,0.3084778035625308
594,29219,0.2302666955413277,0.2243741005211486,0.171542588388522,0.086900188213643
595,29225,0.4127909634893421,0.3774020707776964,0.4038427413944254,0.324290750127101
596,29510,-0.0887287567163062,-0.1258307837996449,-0.1571519073183709,-0.2404746049078113
597,30001,0.6692569755726405,0.6865596831336578,0.5389782590679417,0.4469525588650371
598,30017,0.7241125100952113,0.7353249116921974,0.7303661251972431,0.708606765232221
599,30021,0.0670532554296337,0.0686255879699124,0.0051647856819421,-0.0713909607762676
600,30023,0.2981283781430131,0.3127667846826454,0.3868755466246276,0.3816541066543299
601,30029,0.900639732248419,0.9510069885800364,1.013266907553104,0.8475230700018794
602,30047,0.6815266050372568,0.7420764512007851,0.9404176681673572,0.7890159338699589
603,30049,0.8016329925521686,0.8322130329580162,0.8085714246015874,0.7166396163915587
604,30063,0.7741263794654514,0.7958378583764352,0.6227896477767894,0.496743130051172
605,30071,0.8120380240355007,0.8394742338954482,1.1087466700304849,1.0998962531051508
606,30083,0.7174602307056615,0.733967945670025,0.7801341497152168,0.6947142913824398
607,30093,0.0595491309163651,0.0968937422965197,0.1944862018680928,0.1014819034441187
608,30105,0.7798683102672781,0.8059226646846587,0.6910390341160908,0.5772936384947545
609,30111,0.4906309660476637,0.5304563420839898,0.5089023435480178,0.3982269192437944
610,31001,0.1042369188132354,0.1065528920636407,-0.0237651543792718,-0.0550206457977648
611,31013,0.9447882309933036,0.9718007664229216,0.8769534932666563,0.8317455541794347
612,31019,-0.0701145540252095,-0.1210467284657984,-0.145956919630985,-0.2280469937093531
613,31023,1.0045004370404342,1.0131995845762582,0.9988271814887764,0.9171004852197762
614,31031,0.638553458143408,0.686449663679422,0.7373366880712411,0.6692785259950145
615,31033,0.2510140029102499,0.2365609394398224,0.1546240151335887,0.1211870184886956
616,31037,0.1219940238169168,0.1187156232353732,0.0736555035433748,0.0209189658503461
617,31043,0.1206274199890518,0.0576797976529437,0.0443260207715097,-0.0421762304855376
618,31045,0.4668653718011952,0.4800542539434071,0.5336187674419539,0.4357244902095118
619,31047,0.0217344259812628,-0.0006515827933422,-0.104415557238413,-0.1437559215494708
620,31053,0.2834544063027757,0.2303242067516338,0.2100931047954659,0.1243905253983179
621,31055,0.3075185494450068,0.266031628800045,0.1656772042591139,0.0799545729297324
622,31067,0.7596618056967812,0.76533280593971,0.6973120360125746,0.6566414156047831
623,31079,-0.3160924960425824,-0.3751160214028919,-0.4133992845941098,-0.4576349696230921
624,31095,0.6087455833715918,0.6401927557121396,0.5118820196669189,0.4706520079041312
625,31109,0.161857561827476,0.1186230950392279,0.087589390774887,-0.0192306100135192
626,31111,-0.0594714822406167,-0.0952381561323958,-0.1362524782756381,-0.1785476879248381
627,31119,0.2204298349996141,0.2029190144457695,0.1091012107199496,0.0459051573451052
628,31121,0.9337435023911964,0.9773154374571668,0.7789938496829323,0.7375563178609654
629,31127,0.9540734742042312,0.9522500622424046,0.8678486648840265,0.8033953185165179
630,31135,0.2453922864250994,0.2600018856356059,0.2799402488281799,0.2287238367921216
631,31141,0.5370415042959586,0.4807963540162676,0.4444242853761089,0.3312443466728501
632,31145,-0.0959620460297444,-0.0793069417878128,-0.1107147233851494,-0.1303862759347074
633,31147,0.2623289222554685,0.2807489368026061,0.2213639723756155,0.1899615354529737
634,31151,0.7285495512250828,0.7548125563847989,0.7734546512552214,0.7364291572551076
635,31157,0.7678211979928133,0.7399707241318776,0.8030896935411704,0.6935673115837064
636,31159,0.6412594202422135,0.6594420113929487,0.5975768424636636,0.5494090677484833
637,31161,0.3887397338270069,0.428351732960919,0.4832087030261978,0.4362684513204369
638,31167,0.0713933115709757,0.0211292066437562,-0.008603126174437,-0.0985136807294656
639,31185,0.4693887253602655,0.4780070118300763,0.3486824153897778,0.3047890617579381
640,32001,-0.0358418631951679,-0.0551284849402077,-0.0826636672136246,-0.2469866364620025
641,32003,-0.1033676356218515,-0.1222753051540569,-0.0665809282049455,-0.221614061050872
642,32005,0.4250644208453764,0.3856775999613158,0.3984999108419789,0.1658185948607953
643,32007,0.1483208615511335,0.1325753317910396,0.1664422946264923,-0.0758674147414326
644,32013,0.5457988602669126,0.5247210138793739,0.6225021202457082,0.2485485924731896
645,32015,0.3087664600076572,0.2779256139244377,0.289514584611463,0.0817231937418268
646,32023,0.0254044938756736,0.017648660622197,0.1579719609250485,-0.040051287126417
647,32029,-0.2376419393033207,-0.2614651136385678,-0.2788395967991759,-0.3896490816355547
648,32031,0.1542383613206281,0.1202601140294168,0.1164663248375941,-0.0717520767632495
649,32510,-0.1992725752437089,-0.2173276479031403,-0.2337501273795171,-0.3835599989808808
650,35001,0.40165462313086,0.425130347480203,0.3693634846101614,0.2284662334880418
651,35005,-0.4696409526476368,-0.4821681276710421,-0.4501788092110189,-0.5346578529492394
652,35006,-0.4023667634238278,-0.388694714852324,-0.2872086345970523,-0.3770117509674416
653,35009,0.4793098157642097,0.5105847704193107,0.8582598995053781,0.6073617901882089
654,35019,-0.2136322186725405,-0.1903850953592758,-0.1453468251566331,-0.2128670674497849
655,35025,-0.3740496748495902,-0.3769879532653004,-0.3888911247235587,-0.4452101591308395
656,35027,-0.1693718791689089,-0.1475622098973393,-0.1220351372286383,-0.2396050168617012
657,35031,-0.1934608476254296,-0.1632639667106512,-0.1053870726229246,-0.2201673891090048
658,35035,-0.1998369797036282,-0.1871543000099185,-0.0069556601063519,-0.1281771310760558
659,35039,0.5051549834865443,0.5490200262255298,0.7404165343467937,0.5675657193779711
660,35043,0.5072152041764226,0.5623148742437718,0.6381432546307348,0.4151386589419816
661,35045,0.0601884367196634,0.1015662611270828,0.319124915706229,0.1355291143247836
662,35049,-0.3104966457026255,-0.3169923913923785,-0.3602573651693631,-0.4012350008199665
663,35051,-0.0785886510058535,-0.0550067984405614,0.0742996887999809,-0.0464550370675
664,35053,-0.1526324555071796,-0.1191349253598144,-0.0522996403117016,-0.1733943971520607
665,35055,0.4547135295168261,0.5078495439267976,0.6447890269155274,0.4110007618388687
666,35059,0.0059924611534982,0.0329526061125349,0.144430712271202,0.0143776434184943
667,37001,0.488372898240659,0.420404704239546,0.4398857504315128,0.2683063400137175
668,37005,0.5437767015999928,0.4779775495361165,0.6480734433074755,0.4561099677569686
669,37007,0.0731927637054767,0.0249832150980469,0.1026326724541957,-0.0247381523812755
670,37009,0.109954517119575,0.0545155493467433,0.2223988156163563,0.083939255964262
671,37011,0.1771544253040906,0.108340662763313,0.3240676882069622,0.1930209017821229
672,37015,0.89311070979739,0.8096278831889241,0.9809096283930856,0.7323950409234414
673,37023,0.7793495925067397,0.6648755535803843,0.84993828976426,0.6473591059635659
674,37025,0.4069311601944738,0.3346089229687787,0.3608127634455227,0.2511246935556734
675,37027,-0.1693673989508559,-0.2223300636184719,-0.2013075272418132,-0.2829547907389017
676,37031,0.6943433884054135,0.59264510296296,0.6326361403895198,0.4387897772929217
677,37039,0.0378486162152318,-0.0223674074080474,0.1038750293482271,-0.0141720771629831
678,37041,0.3470930401043477,0.2652095529102758,0.3801203572260436,0.2489786597904597
679,37053,0.4655421311233143,0.3885936391302667,0.4142423711321694,0.2827030093931053
680,37055,0.620969267948978,0.5273804867127025,0.5756682494737133,0.3923338947745374
681,37069,0.9521562705812951,0.863300400537105,0.9358661923022996,0.7321539352001527
682,37077,0.8977041027157349,0.8135556948440847,0.7274310085848508,0.5588080168079184
683,37079,0.234556249425353,0.1799880370795676,0.3279384001644891,0.2074369583246758
684,37081,0.8989059028543518,0.8055457873188763,0.7036667943930073,0.5183542057735213
685,37083,0.3005548446141843,0.2257196743733873,0.2744109907197074,0.0897180602713521
686,37087,-0.2128476318691062,-0.2617212882529991,-0.3306441717723574,-0.4094794611422085
687,37091,-0.163250862609716,-0.2172841423769708,-0.0815175270737612,-0.2021134685435381
688,37097,0.4916260341798797,0.4071860920422572,0.4235659812935548,0.2727569697778649
689,37099,0.453564917030977,0.3689744010197591,0.4816005965230949,0.3152865354960168
690,37111,-0.0542962960970875,-0.1082776580818594,0.0285570219136059,-0.0758069079709407
691,37113,0.5647739998169421,0.4574151301488323,0.5865580778056174,0.4251357704962533
692,37115,0.9533833935804455,0.8653778123407208,0.7464151595844659,0.575886901461415
693,37117,0.4878065307102732,0.412265282228639,0.6580591617570872,0.4420511491572516
694,37121,0.5782131664942836,0.5097323935581035,0.7139814379412841,0.548088541721244
695,37123,1.0173135584881448,0.9177123064932464,0.9552796098482256,0.7098240501027666
696,37125,0.2272488022887435,0.1563209086776207,0.1597197574877091,0.0407070957980923
697,37127,0.4050148721119833,0.3406026605587304,0.3319944627975415,0.1891560683465738
698,37137,0.4571237948310378,0.3765510665988221,0.3475513578433551,0.2055259165498844
699,37139,0.0916108776534077,0.0334463189289613,0.0271309328522415,-0.0590388464346337
700,37145,0.1503342999491985,0.0736401725021567,0.1003264066161089,-0.0061499350428507
701,37147,0.4599788212068716,0.3757384238088184,0.3705320694365053,0.2411490110721239
702,37153,-0.1475359541024293,-0.1909413915787364,-0.1189591126136577,-0.2398846974830479
703,37155,0.5679481310221766,0.5178214944725121,0.7082257241896965,0.4904970343906754
704,37157,0.0964146817277153,0.02966325333727,0.2630130768869896,0.1165654664188025
705,37159,0.1086785480731771,0.0469989925995086,0.0829829363752521,-0.0323900387993771
706,37161,0.7643361460859615,0.6722179921552536,0.976191744221396,0.7467306399107911
707,37163,0.9818159587165882,0.8940565473207593,1.15771079302707,0.8876882820189931
708,37165,-0.2865129868389117,-0.3247129442501989,-0.3265720764892832,-0.4291015932802516
709,37167,0.0567249298953298,0.0065574611122363,0.0074732442892979,-0.0936843377495909
710,37173,0.0510231472731623,0.0048958163462227,0.0251656266628179,-0.0917310619276716
711,37175,0.0512343177716896,0.0018439249110013,-0.1242415586031174,-0.2171021589400317
712,37177,-0.1202089135726994,-0.1660305351898824,-0.0709222614861464,-0.1792058966359403
713,37181,-0.3424099747982132,-0.3741594860619522,-0.3864756109376388,-0.4753177394808447
714,37187,0.320268675410603,0.2676265633963577,0.5472891191147455,0.3324115917862098
715,37193,0.0684021659344953,0.0131440939166458,0.1768955742236977,0.0354444249196386
716,37195,0.2160149932396289,0.1609797717823058,0.2056531892949749,0.0585288202470375
717,38003,0.6796422707142848,0.6079227796799234,0.496344670435229,0.4974731666287153
718,38005,0.2543370213796567,0.1881512714065012,0.5821065129563552,0.5843969591457037
719,38015,-0.2564014493489968,-0.290524304691539,-0.2899994729847928,-0.4483106250058265
720,38017,0.3312600952582423,0.2795778804601108,0.3202687474898216,0.0965264858537149
721,38025,0.4101320193518836,0.3484523955501613,0.3540649855773636,0.2310429415384973
722,38035,0.3286068576907295,0.2773725546689012,0.2280373699592131,0.0217162561881811
723,38053,0.1867955003369912,0.1357911907323152,0.1011637815129662,-0.0569335385130786
724,38055,0.3375904988929594,0.2816882491523289,0.2391436802607929,0.2394777983446527
725,38059,0.2681494466045955,0.2127542239737356,0.2674516345240387,0.0250361420626619
726,38069,0.2976981161456515,0.2388184100817549,0.1110710901364995,0.1079657614492035
727,38077,-0.0474636883078135,-0.084982668471128,-0.118886394133048,-0.1401663095105755
728,38079,-0.1711953156798032,-0.2033488499324938,-0.1830271709900756,-0.2031095832574225
729,38089,-0.0014316184561037,-0.0445927335408612,-0.0484886878518512,-0.2218257903957124
730,38093,0.1191214305535282,0.0724192370147507,0.0442207281769462,0.0567298223642724
731,38095,-0.0152529470114464,-0.0606341867838197,-0.0831692194153219,-0.0970281114579514
732,38101,0.6815161787601209,0.607472470419901,0.6658471146737464,0.4152030392477761
733,38105,-0.3511173958454633,-0.3797376859699117,-0.443712797452366,-0.559022955917545
734,39003,-0.3960888359641771,-0.5538122688220392,-0.5435920461635929,-0.5171835647063914
735,39005,0.7551907013895953,0.667814613312385,0.6287192536046751,0.7920673387162271
736,39017,0.6593058968968533,0.5577303675118352,0.5170603179231612,0.5706800626958441
737,39021,0.0916389657969531,0.0240482819470477,0.0222201505648977,0.1026800569453925
738,39023,0.6627512712961967,0.4382210889739693,0.5998630001446541,0.6801988361658897
739,39025,0.7997487717916125,0.6686355317181225,0.6327666161846606,0.6897173203673281
740,39033,0.7288331953383476,0.6681984727856984,0.6697251501427763,0.7669237036051624
741,39039,0.1263066863753303,0.0312632236797603,0.0741884160360311,0.164977313957386
742,39043,0.4416294938131417,0.2825015841827354,0.3192141717951893,0.424374291561199
743,39047,-0.002471354795233,-0.0780270490272109,0.0257163285242962,0.1041766835932651
744,39049,0.9739540859785404,0.926418515418192,0.8995650814517318,0.9260704124668316
745,39057,1.0297155425750415,0.8497600931022053,0.8591695587793309,0.9562135998875856
746,39061,0.5112119823022137,0.3833728312673912,0.3229364120911209,0.3473389182934512
747,39073,0.4760032629070911,0.4256801710772855,0.3721469086300197,0.4508905912524965
748,39081,0.3563672531123776,0.2642900476305521,0.4062655637487418,0.5074739894848197
749,39085,0.2596240822765674,0.1177526438548755,0.1672466693069487,0.2220006731401325
750,39095,0.49950192065772,0.3048198449685546,0.3962338653741388,0.4722224723797297
751,39109,0.9517394974591856,0.7696266469769926,0.795992584508616,0.93060190544238
752,39113,0.2254659307350794,0.0823352704011244,0.1181939515883745,0.1737707179065182
753,39115,0.6945951543804088,0.5744870948243326,0.9076844522795088,1.065574439769064
754,39119,1.1444492459977549,0.995548133067433,0.9043152107486028,1.0145377245740463
755,39135,1.1622165347167024,0.991921906542375,1.0348335249685512,1.194997179371554
756,39139,-0.2961041499827596,-0.3937432909593675,-0.3976293354271368,-0.3462211034042335
757,39141,0.3681784698524011,0.2993869347609235,0.2493465219062389,0.3163798572796383
758,39143,0.5061623718507571,0.3625467027034295,0.4988150477558062,0.6135379115171531
759,39151,1.2197075872724588,0.990698472518833,0.9446666701960028,1.1011773657256478
760,39153,0.6356791551352452,0.4925567908217982,0.4143411384559454,0.4735402828143928
761,39155,1.0458435305212317,0.9684887700595968,1.1165383478472513,1.2584927025024784
762,39161,1.0672619062516944,0.9038778455791324,0.7633887872330813,0.9008598633127998
763,40011,0.9261677711742208,0.8630680558771395,0.8548533837976793,0.6936624196760783
764,40013,0.1022760780070377,0.0821431411297621,0.1563251989860803,0.0525326059166726
765,40015,0.6753166252597433,0.6350763606690983,0.6994667960992991,0.5348831289185463
766,40017,0.9450935801758672,0.9079540911004732,0.8191070383748422,0.6373220399078783
767,40019,0.5260763117967069,0.4840901720706585,0.2304826940878854,0.1112699396243233
768,40023,-0.2532426714714856,-0.2786613878992582,-0.2201277357510268,-0.3155198494354274
769,40047,0.5204979944370651,0.4701495948132927,0.2880907116199249,0.1463546642766611
770,40049,0.3381010256638828,0.2984071893025968,0.2674373641342642,0.1444732086547746
771,40061,0.7052892854268116,0.6817650162539719,1.042003555726288,0.7980258982345927
772,40071,0.1483646575454968,0.1162937018545331,0.2063966916930173,0.1087718055151949
773,40109,1.052542010426257,0.9975854464565022,0.6768853742922636,0.4806668714475677
774,40111,0.0077554500225827,-0.0315327253915943,0.2261224172905689,0.10223923995247
775,40121,0.6441552639840664,0.563115508120638,0.7029396400214176,0.5075466230256358
776,40123,-0.151322829253757,-0.1782810614793255,-0.3461617507941391,-0.414104754400715
777,40125,0.9901389625426144,0.9227693947579154,0.7238388083912091,0.5543176762193369
778,40135,0.4759690345831127,0.4371590662599676,0.5321909281081116,0.3637722582695988
779,40143,0.9202293407693718,0.8765074985380508,0.688481433528489,0.4690530768384271
780,40147,0.3341973234164757,0.3012264285819412,0.0979700922977584,0.0007938357190904
781,41001,0.6962342857349584,0.6962342857349584,0.8293260595469127,0.7143221481781605
782,41007,0.4148526950274966,0.4148526950274966,0.4121372176953035,0.3312044693245228
783,41011,0.3369771980594467,0.3369771980594467,0.404231545164222,0.2751781062051774
784,41013,0.4481676431314429,0.4481676431314429,0.4383748248393544,0.3330293855107042
785,41017,0.5578489492589089,0.5578489492589089,0.6087413900031646,0.530436661008818
786,41019,-0.0267661077575055,-0.0267661077575055,0.0178836832054922,-0.0328859510911864
787,41021,0.6773055647105335,0.6773055647105335,0.7524421753868922,0.6285735133538084
788,41029,-0.158381660143828,-0.158381660143828,-0.1434774334139543,-0.1854078894122696
789,41031,0.7233461535772641,0.7233461535772641,0.7899196556644794,0.6406114257791955
790,41033,0.2517741483469569,0.2517741483469569,0.3715904615159187,0.2900293668622187
791,41037,0.4320637199350037,0.4320637199350037,0.6967069722979318,0.6205546150831527
792,41039,0.3438731519219227,0.3438731519219227,0.3748525622125782,0.2863541031358843
793,41041,0.3041939050746707,0.3041939050746707,0.3145757962920816,0.2436889688840826
794,41043,0.0970399632326759,0.0970399632326759,0.1758930664125593,0.1217247702385793
795,41045,-0.0371502857212026,-0.0371502857212026,0.2154174975804512,0.0883909809824459
796,41047,0.3247375915879147,0.3247375915879147,0.4656111672911254,0.40054811887966
797,41049,0.4692813227268038,0.4692813227268038,0.6180100843149576,0.4820641461129777
798,41053,0.6560798951227513,0.6560798951227513,0.7579717609753991,0.650175180177951
799,41055,0.7444574063118936,0.7444574063118936,0.6785248136736535,0.5445517755669309
800,41059,0.07939927519849,0.07939927519849,0.1174464219971678,0.0199600633203518
801,41061,0.4747579875550165,0.4747579875550165,0.4067968011278209,0.3006186832798367
802,41065,0.5306231043200509,0.5306231043200509,0.6352301331256993,0.5569911042185125
803,46005,0.0453924622960173,-0.0063575362252108,-0.0238570493955061,-0.0136461781068705
804,46013,0.0064357259792864,-0.0400129889267812,-0.0561069203261225,-0.1048880224970447
805,46015,0.3055996126077716,0.2483344295778524,0.2054149037663271,0.2430489428457281
806,46017,-0.3778419877856533,-0.4518842960247632,-0.5355927348627985,-0.5625542899014025
807,46023,0.524086813147838,0.4036930341659286,0.333792643377832,0.3472164197945009
808,46027,1.0498713017659953,0.9494811788016556,0.8212365902818426,0.7344908712207632
809,46029,-0.0742107927270254,-0.1167272343249758,-0.1390459897883327,-0.1484397434015386
810,46031,0.2050249128081538,0.1478087110417856,0.3915696773042176,0.4011602907440599
811,46047,0.4085366847606038,0.31922404596751,0.4092526387897313,0.4578304908958943
812,46065,0.6541809502993032,0.5670354587397886,0.4902000304209546,0.4006081330613391
813,46081,0.7060265295231039,0.6321647595124771,0.4506220195615495,0.4383693013032181
814,46085,-0.0510092953748754,-0.1321970008706167,-0.0046219604855058,0.028622853030447
815,46093,0.2792109717778221,0.1816362149465058,0.1195970773136549,0.1480085000169944
816,46099,-0.2791870848593829,-0.3449680744025435,-0.3808851885185969,-0.4180063984243544
817,46101,-0.1753139253394566,-0.2496628454653604,-0.2700948763095885,-0.2390464937658295
818,46115,0.9296978732867732,0.8175073026892046,0.678763641013626,0.7612000520869937
819,46123,0.8734217634325656,0.8489666628417802,0.8082076503828937,0.8425346158381761
820,46129,0.1425472900573441,0.1049763730961519,-0.0029800642550722,0.0171183707866875
821,46135,0.5847059514878556,0.5637772806965275,0.5375662579106282,0.5336514658452673
822,47001,-0.0058304522981887,-0.0443671756875885,-0.1258403339236194,-0.3798441933610417
823,47003,-0.0118686934096357,-0.0510812471778284,-0.0640411684171697,-0.2453208050375025
824,47005,0.3206687531735495,0.285102941252894,0.5848559096765102,0.4608456680391655
825,47009,0.1165294950514421,0.0735220782494465,-0.0935829688522882,-0.33580861107894
826,47011,-0.1542684097586161,-0.176496697075819,-0.285935597636908,-0.5033975904385637
827,47013,0.0365813943293902,-0.0016749382297378,0.196704515659893,0.0411588184392588
828,47017,-0.1252508107004027,-0.1516957899355984,0.0540141813142083,-0.040337893843912
829,47021,-0.0587136139760373,-0.0919194792571727,-0.161461524410133,-0.3303877426389329
830,47023,0.4869014299955876,0.4308140320881404,0.3299635840276804,0.0286937073723083
831,47025,0.189507101770201,0.1527201579244175,0.312912090706646,0.2065137307210134
832,47027,-0.0082398121758122,-0.0300757734468456,0.0778450481969963,-0.0206618861323402
833,47029,-0.1230643314001885,-0.1463106496045354,-0.0556796148253012,-0.1269512022759229
834,47033,0.0717547206704189,0.0319869329701059,0.0926191761572834,-0.0153631955354279
835,47035,0.0866664268984507,0.047183112909737,0.1223202184254645,0.0109261552777157
836,47037,0.4083895182592709,0.3600599814554337,0.2827393854080102,0.0285467283218916
837,47039,0.343494585929609,0.3102028686353133,0.6319371481673282,0.4862941073850189
838,47041,-0.1919573912887081,-0.2211404497982483,-0.1456118971295702,-0.2034259423877322
839,47043,-0.1979357725563161,-0.2273102820689767,-0.3254243511779152,-0.4548302790770104
840,47045,-0.2707799204497318,-0.2988041923774757,-0.2836712661274017,-0.3642371336121238
841,47049,0.1042763732275644,0.0736868974792093,0.3599825394790881,0.2470916434851899
842,47051,-0.2773529240653272,-0.2965217982434908,-0.4045103660967359,-0.4419560445752162
843,47053,0.185461115146563,0.1386145444670026,0.3223968139904669,0.2090435404295405
844,47057,0.2880110851844977,0.246785501880822,0.4053821855715307,0.2528377862152511
845,47059,0.1206056578978485,0.0859065334950122,0.3313138831234299,0.2313345448457955
846,47061,-0.3431775117075922,-0.3623099273120408,-0.2934430616770335,-0.3498056893675406
847,47065,0.1931135171424487,0.1551922975231063,-0.0096592787122329,-0.3331568517144884
848,47067,0.1021551693471236,0.0769732212083433,0.1961657920411914,0.1103134597522355
849,47069,0.1229823113875068,0.0979942278503331,0.2615778610391155,0.1683092843080649
850,47073,0.3877520830892527,0.3373138026032147,0.5677912568513319,0.4001849347227628
851,47077,-0.1989741549701994,-0.2335271042942193,-0.229195521115303,-0.4258236650368845
852,47079,-0.0680242184195148,-0.0934858942692047,0.1566566316270823,0.0665849835764418
853,47081,0.0042184843642127,-0.0376954683447584,-0.019427603101632,-0.2391534124117887
854,47083,0.0453723663534975,0.0125581668321683,0.17336973563816,0.0142225141536456
855,47085,0.4386563880193916,0.3981603132415867,0.5755971435204303,0.4728062655153431
856,47087,-0.0599039278483723,-0.0978909400764062,-0.0337529772897436,-0.24406762246878
857,47089,0.0109222471161545,-0.028535744374229,-0.0012037644739529,-0.0816691328181891
858,47091,-0.0670633226021226,-0.0962822517905086,-0.0599093861541538,-0.1838002926768362
859,47093,0.6126701616516641,0.5520528123170869,0.3912582867154448,0.0144783299246216
860,47095,-0.0894866928819659,-0.1074774271404263,0.0783888350225527,0.0052560145728892
861,47097,0.0586625757443193,0.0376226352197526,0.2092592707128182,0.1327731604804942
862,47099,-0.1101336540572939,-0.1390241516438196,0.0952815273742666,-0.0166265994169245
863,47101,0.0170801057391349,-0.0197496713072409,0.1664369420796594,0.0829393606100774
864,47103,-0.047887269349169,-0.0805299990827214,-0.0425400018023196,-0.1233447495614171
865,47105,0.4059349937686556,0.3615917877598535,0.3052089803958484,-0.043536296609738
866,47107,0.1450261234975041,0.1023973293080289,0.1886448434006258,0.110965209396139
867,47109,-0.0843660932877672,-0.1050124959714626,0.1524621843016633,0.0527403395174932
868,47111,-0.1229661999287849,-0.1499994996875214,-0.1092526863030495,-0.212029187057991
869,47113,-0.1911794981775845,-0.2257006081938043,-0.2951373736602934,-0.5204830498402382
870,47115,-0.1043179058094144,-0.140671040204961,-0.1119397300427376,-0.3790067534484609
871,47117,0.0952152326356869,0.0582889780655226,-0.0277275071738217,-0.1552321278426016
872,47119,0.110865400569686,0.0653934820691619,-0.0316505882990676,-0.2837956585771239
873,47121,0.2334175466611678,0.1928589597486063,0.3825215513878119,0.3095801904891211
874,47123,-0.0312186933116221,-0.065975966708478,-0.0479441722290925,-0.1091336847706042
875,47125,0.3578021921066008,0.3122464739275929,0.2137391644798514,-0.0943657303322691
876,47129,-0.0769718803585305,-0.1049853123754631,0.0309378826948982,-0.0832620874346343
877,47131,0.0953513163174468,0.0644135667198015,0.3270639040843459,0.2033864689472153
878,47137,0.1641561061077805,0.1284565232393051,0.4217274906165711,0.338484938069628
879,47139,-0.2519010687681178,-0.2814853215409725,-0.2190519716819658,-0.4584236137468981
880,47141,0.0605232602269616,0.0250180868421299,0.0395159869569292,-0.0680685010145547
881,47143,-0.1163522683172278,-0.1431786821566039,-0.0562010761668243,-0.1784696095591961
882,47145,-0.2806264802180489,-0.3147667528874239,-0.3251547505139933,-0.5302977937770312
883,47147,0.7543814739409942,0.6836177667819561,0.537690111157971,0.2294631173648482
884,47149,0.1399818407579425,0.0976000893596336,0.0675840110688372,-0.1483404012670585
885,47151,-0.31046045221387,-0.3292561594793624,-0.3363737740078624,-0.3769489114972206
886,47153,0.1671759921860021,0.1208085658249094,0.1147733590123161,-0.2195211294208898
887,47155,0.2586279147235859,0.2179372813336781,0.0790285199842308,-0.1030756900259991
888,47157,0.2851788271380922,0.2412062383533588,0.1204889486301226,-0.171849865419602
889,47159,-0.2138944823117435,-0.2372775131915234,-0.2747924153368639,-0.3536543688132171
890,47161,-0.0602044874228607,-0.0879102388831912,-0.1607787077708794,-0.2452694913413038
891,47163,-0.2102433537487043,-0.2332947589626726,-0.3305896274541583,-0.3969227457613138
892,47165,0.0299797081670896,-0.0100172130661864,-0.0691524017258441,-0.2506417919074691
893,47167,-0.0095720821156444,-0.0472681037557196,-0.1214591428251927,-0.3143452381179787
894,47169,0.121261847550236,0.0718204859369935,-0.00885110632643,-0.1991612702736058
895,47171,-0.1968977360671567,-0.2254380249172904,-0.125458243743796,-0.2360262844137305
896,47173,-0.3071231826827854,-0.3289387674209331,-0.3012806538049066,-0.3801810318023025
897,47175,-0.1231520971567138,-0.1471496537681932,-0.0817384252103903,-0.1327088348533465
898,47177,-0.2052286000630946,-0.2326207113533976,-0.152821417262947,-0.2624485631185262
899,47179,-0.0070067149318375,-0.0318293827861891,-0.1705772963701721,-0.2586876631206157
900,47181,0.1607543803058995,0.1276281224559385,0.252945712724574,0.1819813879419167
901,47183,-0.2553454426751043,-0.2748231056734356,-0.1033606655463362,-0.1725923045538819
902,47185,0.2568739400114894,0.2231897585234001,0.505279074571255,0.3917560225131546
903,47189,0.2413291667669845,0.207802986292058,0.1533500628897426,0.0512107259176985
904,48001,1.0782197773271087,1.0106475824371004,0.9488988709272947,0.6559381925657903
905,48003,0.9242488692247232,0.8899559075367502,1.0139892723200408,0.748561389075757
906,48005,0.2635853341248826,0.2390833186758665,0.1848210354175701,0.038247525518378
907,48013,0.2305803627804448,0.2099911536636449,0.0715517208015312,-0.1392409619894203
908,48023,0.3792322817231299,0.3420538355050631,0.4544693190803825,0.3541290663201109
909,48025,0.1131309261156561,0.0929161780777985,0.2555678472493701,0.0458186742339568
910,48039,0.8461092941420578,0.8028659574931598,0.8357177405883378,0.6859421725985138
911,48049,0.3863385542815196,0.3512341531839471,0.2050095749577383,0.1014845451986938
912,48053,0.7878379761793988,0.7543651888156491,0.660652221219473,0.4120834578074208
913,48055,1.029709473157502,0.9931655512581916,0.6604876050598849,0.5126010883702627
914,48057,0.4736196144975995,0.439067094296256,0.2639942768774008,0.0551699319704253
915,48063,0.6469831840581051,0.5847175503094542,0.7485478820342144,0.6198325736061869
916,48065,0.5462545836681172,0.5091240210106076,0.4638523089550237,0.2374775535442121
917,48075,0.0745582189874907,0.040343839918647,0.0424893465253981,-0.1316545230929334
918,48077,0.9719438256835876,0.921183071375528,0.6743526772038135,0.4478019326740365
919,48091,0.8435668087798005,0.798092326060547,0.6302247159624996,0.4581121720817445
920,48093,0.2491912338652409,0.2268730084243211,0.0403385978442902,-0.0269421745957644
921,48097,0.1144338648406351,0.0931731915907922,0.1177760721128586,0.068185071799635
922,48099,0.2942623210703465,0.2623615025380859,0.2204836850551641,0.0861625407778798
923,48103,0.6043324076681247,0.5773065050918755,0.6666006388009418,0.5555235800855756
924,48105,0.9683085892055971,0.934231303234662,0.6986886854855856,0.5969782410476616
925,48111,0.1887980049347848,0.1681053336242441,0.0548331580010961,-0.0960841744470698
926,48113,0.8002736782475284,0.7801304219861376,0.6071166060576791,0.4115562662607657
927,48115,0.247939075461314,0.2183398570737591,0.3857597889411706,0.1287894793249295
928,48117,0.966243021291608,0.930669374986969,1.0671233593510707,0.6349568088263318
929,48123,0.577658281562111,0.538059704774094,0.3990815553477513,0.3049788786626755
930,48131,0.635106802320826,0.5928252740148714,0.8481356452941049,0.7025516953447026
931,48135,-0.080116242866478,-0.0968771873074502,-0.1780043981831894,-0.2172608328889906
932,48137,0.6972705743607774,0.6696062727244461,0.8211446033104111,0.671725501368932
933,48147,0.3073293130086996,0.2726896703696961,0.2049551207518363,0.0908805993458243
934,48167,0.0151114608481555,-0.0135094701927239,0.0007808210453685,-0.0600883212488094
935,48177,0.8901739082895417,0.8451391747521422,0.8534625115942929,0.6858301406973886
936,48179,0.7983364681766603,0.7499153337419178,0.6874828594729603,0.4464392747972605
937,48181,0.8385244086857226,0.7977835607427506,0.5787864823892193,0.3763419959717966
938,48183,0.2139254594377728,0.1899809512307706,0.1454084937320261,0.0004233149626198
939,48199,0.4167495434010051,0.3897370877445494,0.3776400819912475,0.198424920914759
940,48223,0.898490778345548,0.8465004813785604,0.697123097508022,0.4493153234774396
941,48225,0.7630074289026862,0.7189559703739656,0.7027213703055248,0.5681534743767294
942,48227,0.5360995524944872,0.5001198006354224,0.4295486212433903,0.2400663583840538
943,48233,0.4726947111747897,0.4360516117529396,0.5033475460524464,0.3082348963123871
944,48241,0.8644292001168383,0.8268758103110436,1.0031563122329374,0.6213927495047642
945,48245,0.0392505625513626,0.0331606817660259,0.0266251094188678,-0.1507969902205125
946,48249,-0.1670270302208205,-0.1799199160591864,-0.0820873323732552,-0.290600420833952
947,48255,0.5347353600896776,0.5050684377909136,0.456195169405224,0.3324451405281294
948,48257,0.8459577110805705,0.8088621482817235,0.8122671964524901,0.7273126589944114
949,48265,0.2162855306290645,0.188180880808187,0.0594746134337624,-0.1058456104298489
950,48267,0.3755688255073626,0.3482780303869344,0.3637802113299648,0.2400279579351283
951,48271,-0.2544382576403184,-0.2748218855478936,-0.2935685302010031,-0.4303472333836574
952,48273,0.0294330413882493,0.0047759681174064,-0.0073064063287255,-0.182746376191857
953,48277,0.5132607339906896,0.4683809137065582,0.5378750663410401,0.4017335551402055
954,48281,0.4898951538351295,0.4670539380466076,0.2896223294118059,0.1141367029554578
955,48287,0.7966316293039024,0.7556989106665193,0.6450842148683555,0.4161598618282243
956,48293,0.4163692410074682,0.3714197532843406,0.595111872920491,0.4534126010375026
957,48299,0.7452409893050038,0.7075727632874667,0.6351998815986009,0.3910896132691228
958,48309,0.663481302814704,0.6209237998270185,0.5487569285374594,0.3149426442232441
959,48321,-0.0274447366561735,-0.0446870067754775,0.0067084984005414,-0.1073519443673932
960,48331,-0.0563343100762023,-0.0736993800096116,-0.0196658726503125,-0.1122259281969501
961,48335,0.0885999281203075,0.0568041022385019,0.1212988936436179,0.0335852430040179
962,48343,0.0862970628545887,0.0547353375945864,0.1490581254422072,0.0419120792231837
963,48347,-0.0341230230071976,-0.0630955143002341,-0.0225385764445513,-0.1846715075708467
964,48349,0.4957935034733811,0.4609719769902716,0.3617469426599833,0.144357780027508
965,48353,-0.0277297205593008,-0.0589565712988857,-0.0200894583412508,-0.0909666926424263
966,48355,-0.0879214162820372,-0.1107831884867759,-0.1094402722510825,-0.177881579319567
967,48357,0.9300404913769628,0.9026971517369776,0.7778875797380755,0.6420063899091586
968,48363,-0.0508999709077171,-0.081189549672392,-0.0993836833455658,-0.2349219097112446
969,48365,0.1981642422652283,0.167459158349601,0.2402607098639655,0.1697366194940737
970,48373,0.2250309595261548,0.1847978217237307,0.1751024264103882,0.0366260037865848
971,48375,-0.0372211496167322,-0.054482065184224,-0.0830492736486064,-0.2433444201559975
972,48379,0.8303101865064597,0.7981109005783329,0.7331099507864305,0.6291588229809459
973,48381,0.4126340095841325,0.3751302213206002,0.3638623256153075,0.2845715532405559
974,48387,-0.0696713228455646,-0.1021712130891008,0.1234490029117718,0.0142493013020561
975,48409,0.5433345231953264,0.5148688152309133,0.468537151322298,0.3118337024408277
976,48415,0.6478517697326045,0.6222732621380291,0.2988130989713269,0.0833865495989742
977,48419,0.2256745072533796,0.1972754822625864,0.3752423102883553,0.2456389978409856
978,48429,-0.2219111338042012,-0.2473829435118714,-0.2486557050892046,-0.2994918769273524
979,48435,0.8636220752332087,0.841564322299849,0.8960263607265984,0.7295448594775518
980,48441,0.5369272379142453,0.4997219260738155,0.3032028469542123,0.2379691728547877
981,48445,0.946439652654135,0.8979188390440302,1.1837696404850275,1.01699995023175
982,48449,0.1420812808868128,0.1139817914751775,0.1338409786200274,0.0306684865292445
983,48451,0.8957041384127367,0.8534758257768424,0.6866992408020676,0.4416901465139775
984,48453,1.042308008345874,0.9945416724062546,1.00794470708715,0.8590998489047041
985,48459,0.9796568676148812,0.934743604356457,0.8683144015729534,0.6009473170974062
986,48463,0.0159904147036109,-0.0126420563883509,0.0977685563196275,0.0271123876434022
987,48465,0.9965336872926922,0.9459400401172768,0.9872596662378574,0.8346346215364873
988,48469,0.4549830007361868,0.4187530227396787,0.3852679439317428,0.2441890506463631
989,48471,0.2646458775609894,0.2269236467338313,0.2551174356838035,0.1460637433506382
990,48475,-0.0685599909728746,-0.0869257894436554,-0.1665309669255376,-0.2977401814451632
991,48477,0.8126838156401262,0.786570373413773,0.5766979311973208,0.3203229551316726
992,48481,0.0006227064138926,-0.0302621358128073,-0.103240665332146,-0.1674659247425646
993,48485,0.1944191988840165,0.167888555996964,0.0450812140451026,-0.1193740286137371
994,48487,0.2648420836215774,0.2328240208974652,0.3242199165351354,0.2070471661708368
995,48495,-0.1275986541995629,-0.1370794252335236,-0.2366113604226954,-0.2636015938522197
996,48503,0.0050167272359842,-0.0150098126811573,-0.1523352324109204,-0.1965821376288935
997,49001,0.8180623550585886,0.7591083929858609,0.6066581290345527,0.5886880234575267
998,49005,0.3112679951499291,0.2501028427037917,0.2971755448875033,0.2620774090038213
999,49013,0.029979158639062,-0.0418342315603554,-0.0328835922491606,-0.121717531437941
1000,49021,0.5609244351920173,0.4986580607443329,0.4515173721969636,0.4093095064157741
1001,49023,-0.0686904937168907,-0.1500411313315152,-0.1163190633911895,-0.1508455711216968
1002,49027,0.6380096281334644,0.5845927861718818,0.5832999048676732,0.5575845855361148
1003,49035,0.0195247836869951,-0.0561272835137278,-0.0173380133463569,-0.0243002638893703
1004,49037,0.4308702904192099,0.3692951636595083,0.6040308317199479,0.6151537192736807
1005,49041,0.7770134825146702,0.71477916850029,0.6039212342709548,0.5832351911797293
1006,49045,-0.018775589648721,-0.1012674248110343,-0.1028835413716855,-0.1541077430513714
1007,49047,-0.1602770258356288,-0.2364258368808416,-0.1348856589851959,-0.1593889778851441
1008,49049,0.7858292834851193,0.6457840133368997,0.6885950305970576,0.6125237626990958
1009,49051,0.5169853255776216,0.3890462530183989,0.4103777142408009,0.3960711918662771
1010,49053,0.3658971163090088,0.2427683031705734,0.226043050043128,0.1881551134306565
1011,49057,1.0538628020508765,0.8964625736442116,0.9120624514068404,0.8756349250015536
1012,51005,0.5492731227951404,0.5115221263554326,0.3930967093795554,0.242313193448405
1013,51021,0.802046390120499,0.7113251706558237,0.7502734632091739,0.573227999240483
1014,51023,0.9715223966494642,0.927445058633015,0.8755669106136668,0.6764541449412806
1015,51025,0.9924962318680456,0.941594663841178,1.1631482253683956,0.8746690375270956
1016,51027,-0.3537182286369045,-0.3780236482022547,-0.3004074452635726,-0.4266903753969702
1017,51033,0.6896193183853785,0.6528724269582478,0.5453800996313969,0.434407520295329
1018,51035,0.6944974423497301,0.6383581754505006,0.6452864666556426,0.4495944598095314
1019,51037,0.6259670708726464,0.5731158612066409,0.8042652345612391,0.6203932629790188
1020,51041,0.7071693612033751,0.6758703376651327,0.5320650791241661,0.3895094204793552
1021,51047,0.6206981350926255,0.6202011578297544,0.5962539764422834,0.4797404822544053
1022,51067,-0.1697221902653513,-0.2004767202674989,-0.2606602791785397,-0.3345692840050298
1023,51069,0.8163880110089925,0.7838353271135792,0.6568980436197702,0.535601700711374
1024,51071,0.6856779122263428,0.6234256532772351,0.4175244079177991,0.2725299741067126
1025,51077,0.8169173182848515,0.7512070218514164,0.8452769456332263,0.6344420223639573
1026,51079,0.5069465540102465,0.4988394883104878,0.4997654436897434,0.3562239287319919
1027,51081,0.7544073771161817,0.7082663901646891,0.6186292403024325,0.4463760211507233
1028,51083,0.0732049481760033,0.0314921588840064,0.0568487346104835,-0.0775744529126448
1029,51085,0.2248431146179792,0.2004289290138292,0.1288365850283621,0.0217900548422624
1030,51087,0.413963419541733,0.3822365959078329,0.2480910772599007,0.1437218519778711
1031,51089,0.3334523692543789,0.2900330792419603,0.3502368772259494,0.1824565337762711
1032,51103,0.7582539217557587,0.7202030674745901,0.5084118540149158,0.3975968746630594
1033,51113,0.657524128484313,0.6176138243505174,0.6210577526567105,0.4956737289563515
1034,51117,0.3664050847551363,0.3325833116117449,0.391552374023177,0.2155061447648314
1035,51141,0.7935945226925196,0.7313606921605582,0.6993995430817193,0.4918541274959833
1036,51155,-0.0346835061478264,-0.0642733059928301,-0.2243925739490955,-0.3018778496798643
1037,51161,0.2510066068025696,0.2211656062512199,0.2120156477420891,0.0518946282766763
1038,51163,0.4124105320569986,0.3842254492054306,0.2175225774323492,0.0889599437103414
1039,51167,-0.4021366461602088,-0.4257373645868417,-0.4309091372744857,-0.5118896353677502
1040,51171,0.458335328820034,0.4226916780409331,0.2739059592699524,0.1476755745503328
1041,51173,-0.2403148479761351,-0.2665654751155982,-0.1943048780698379,-0.2916740513277489
1042,51187,0.4841866953013594,0.4430236760983888,0.3691457878897703,0.2740223539871711
1043,51195,-0.0617378154607031,-0.0884904440171794,0.0271181868790055,-0.1312119534983967
1044,51650,0.0769036951148756,0.0435440415173549,-0.0318548560773481,-0.1217541632835813
1045,51660,0.487186922650672,0.4323361973389841,0.4634478029522559,0.237569682124856
1046,51680,-0.1051836225077287,-0.1437568666934068,-0.2156467660161768,-0.3314347432766483
1047,51700,0.1398148806294554,0.1041880642678787,-0.0298002241114985,-0.1238212564666526
1048,51710,-0.0224867126333965,-0.0534036502691217,-0.1529503470729288,-0.2484376322846979
1049,51740,0.484929652611956,0.4307937974073617,0.4074585559679295,0.2683747929214419
1050,51750,0.6808038495634141,0.6161638791491815,0.5883220214848861,0.352364602425268
1051,51760,-0.2739386617956056,-0.2969551175173208,-0.3674852578386778,-0.4524208429998778
1052,51770,-0.095244475119456,-0.1203388338425256,-0.1292925099017184,-0.2318009140728694
1053,51790,-0.3403484177111017,-0.3672044489978254,-0.5008731366637833,-0.554764369125926
1054,51800,0.5157034725736476,0.4929211449529898,0.4452285475167439,0.3268631271439697
1055,51810,0.4379229138055975,0.4164252974051905,0.3691492719527971,0.239753300458746
1056,51820,0.0654508227899548,0.0416292432918878,0.0247227132469187,-0.0979997908020749
1057,51840,0.07569474958192,0.0550344418994379,-0.0075681953195849,-0.1283632225246663
1058,54011,0.5307358510243949,0.5719815656531091,0.6764555544929467,0.5672516720703016
1059,54019,0.6839995535200083,0.7609271473469461,1.243789508911756,1.145214370947092
1060,54031,0.3108981894688984,0.3607623192075273,0.5922579185066266,0.5260203653208584
1061,54033,0.9171559273395198,0.9682787157208684,0.8464290354353294,0.7131281847148703
1062,54041,0.8389180571995656,0.920529718500994,1.1554579199016364,1.0541140412751826
1063,54045,0.3828592923273262,0.4616377051415454,0.4073815742896307,0.3688658900738175
1064,54067,0.7463380472282561,0.8243347295018357,1.0421652298380684,0.9529707870007644
1065,54069,0.8927769166431618,0.9211179842602156,0.8542592417141408,0.7470483493917799
1066,54081,0.7381661887849484,0.7856570123094924,0.923197654173199,0.78774172278236
1067,55001,-0.1409950954218546,-0.2006661071697144,-0.1853814803010905,-0.2755773025461884
1068,55003,-0.230985930911726,-0.3056384119576467,-0.2724486369666166,-0.3571642954095811
1069,55005,0.6948099676384161,0.5515650931652616,0.5178453091773718,0.3647000690452882
1070,55009,0.3074207670401607,0.2080072789458511,0.1577312012039631,0.0051286246756181
1071,55013,-0.0037963072725936,-0.0857912978802989,-0.0983587461025703,-0.2030594541993277
1072,55015,1.052831918518188,0.8963830937565844,0.8966284161858911,0.6556071701154882
1073,55017,0.4310161592409538,0.3066045851106262,0.2989630456457466,0.1505407855450726
1074,55021,0.1401561587941415,0.0510250791863933,-0.0076612425631671,-0.111433312647211
1075,55023,0.282083204591901,0.1985309726269624,0.195452771894238,0.1721444114508843
1076,55027,0.3881345033125454,0.279299143794145,0.2371740444964232,0.086318517908984
1077,55031,-0.1279718784058855,-0.203293298447732,-0.2319415886858868,-0.3258449308368976
1078,55033,0.1054675926746278,0.0154848302221479,0.0110517528653188,-0.0986621969004655
1079,55035,-0.1662480298694574,-0.2321465536819026,-0.2854748604061715,-0.3688731754486698
1080,55039,0.1763575163757085,0.0742500701160699,0.0632635264137964,-0.0447264511658579
1081,55043,1.0354003632164352,0.9027843200795196,0.741791951898445,0.6886845822063048
1082,55045,1.032830747805057,0.8675590334473278,0.8487293101844413,0.6791772218592547
1083,55047,0.0258033660159311,-0.0592046545359117,-0.1242560877311118,-0.223912431844144
1084,55049,0.6694079591568207,0.5310575282243903,0.5218831842740546,0.3479664352948273
1085,55051,1.0532772739896,0.923402647699422,1.0198388896232573,0.9468635064375892
1086,55053,-0.0638927557314621,-0.129413548101108,-0.1083371607165225,-0.1359594485172532
1087,55055,0.2415592582346222,0.1467646524387176,0.0972791750548667,-0.0116239231549829
1088,55057,0.8990299342657646,0.7581899606422797,0.7076668471600713,0.531205168703482
1089,55059,0.1360481832533671,0.0590996540338615,0.0595507848653564,-0.0075777309204183
1090,55061,0.4983237801764726,0.3743564288882959,0.3450280043310403,0.1650963211118827
1091,55063,-0.2214600477023355,-0.2831454636285294,-0.3374668667880386,-0.426308295050919
1092,55069,0.1828735278920366,0.1042320605209972,0.0978913836631512,0.0735070349165367
1093,55071,-0.2418373286213782,-0.3019995547335343,-0.3315339410904392,-0.3835047141319762
1094,55073,0.4828427379550022,0.3656505403637744,0.3484730596064103,0.2080750140027483
1095,55075,0.3091235184225827,0.1975725951333673,0.2514388009321959,0.1485008607796598
1096,55077,1.0739720637691863,0.8942606082515905,0.947600129751512,0.7831532123728497
1097,55079,0.587365241187985,0.4820402726160344,0.3754833407261164,0.2629734855294299
1098,55081,-0.1077265612566464,-0.181011923357661,-0.2385229845533605,-0.3309934427959972
1099,55083,0.6205227119546737,0.5245619180987651,0.5407738934898347,0.5118047099797189
1100,55085,-0.0999577304893472,-0.179309760367842,-0.1638863153011828,-0.2400344539179236
1101,55087,0.4525949442843577,0.3354405173081103,0.3265861404383916,0.1556823983434911
1102,55089,0.793043647707538,0.6744375805501448,0.5989003749014696,0.4354268866319364
1103,55095,0.4878007868161707,0.3546326963828703,0.359996496989257,0.1940096886997411
1104,55097,0.8491949296315286,0.7294713281645819,0.551658479214596,0.3645999905765082
1105,55099,0.6956198072729494,0.5622840350065339,0.7330760207925056,0.6919773610965441
1106,55101,1.0038100232012457,0.8467574162977076,0.8984757690366472,0.7039571809946443
1107,55103,0.7843700722191498,0.6745018811809849,0.5307979570663068,0.3794164764502017
1108,55105,-0.1641422841883054,-0.2370046737013055,-0.2441801933074987,-0.3269688453442352
1109,55109,0.4825969840731168,0.4132759856638854,0.3823041876630138,0.3053954070231537
1110,55111,-0.0463801205265881,-0.1221139432086259,-0.1512414222149363,-0.2499515675101156
1111,55113,0.5129902892467517,0.3872537981490946,0.3446243465353689,0.2007385650406319
1112,55115,0.3780479524074718,0.2925313826676523,0.152418164877349,0.1218710107863001
1113,55117,0.083857116264856,-0.0083346970756814,-0.0176512845728327,-0.1149597262528877
1114,55119,0.7478335863113843,0.6493197083631232,0.5920669103880207,0.5387290505268674
1115,55121,0.9017088194695876,0.7370569438138341,0.7759717054966946,0.6006157360753639
1116,55123,0.8729944522551762,0.7473043002648516,0.5701052534428523,0.4197396549997723
1117,55125,-0.064982018195094,-0.1498119585819888,-0.1697194973775426,-0.2537602243923892
1118,55127,0.2813120365133859,0.1925389615595492,0.124098498732601,0.0007550714298574
1119,55129,1.0761393777850885,0.9031894699616356,0.898033069223249,0.7028208646725831
1120,55131,0.3117362454862118,0.2086151738775978,0.1970660483913897,0.0757877130541313
1121,55133,1.051031666918198,0.91375354486047,0.8257107935234711,0.6486612811599615
1122,55135,0.1275893247847128,0.0397273700630123,-0.0300599027902389,-0.1214093148521853
1123,55137,0.5209769401576783,0.4277226036769603,0.4106767267121463,0.3824083666900313
1124,55139,0.4337948378779335,0.3282424110930164,0.1829553249801934,0.0391820290312521
1125,55141,-0.1279287239323073,-0.2085764331993295,-0.239193472733716,-0.3172622054515387
1126,56005,-0.1751027476332093,-0.213836212590282,-0.2246811093783676,-0.3841313036222014
1127,56007,-0.1064224149024631,-0.1402236406570913,-0.1785976213610411,-0.35668786631342
1128,56011,0.9573969931004818,0.8952633987737071,0.8863618498151589,0.526524853269057
1129,56013,0.0210782348107461,-0.0118990036275188,-0.0253858781413676,-0.1884960312961048
1130,56019,0.4738246673940762,0.4054736163632981,0.3871760407728837,0.1185446777791878
1131,56021,0.4700580692828224,0.4066135494952871,0.4241092678679374,0.1122747235970937
1132,56025,-0.0880095213516678,-0.1246327222782452,-0.0906677113885519,-0.2724714663574445
1133,56031,0.2325359491049661,0.1844035772090502,0.1128518079165417,0.0755218585155605
1134,56033,-0.1561056821702819,-0.1953150685698886,-0.192807861891212,-0.3593922396954861
1135,56037,0.8016446536513591,0.7482429822127896,0.8755616922895291,0.5393599635938049
1136,56041,-0.0139560799960828,-0.0567801713571096,0.0594536923658493,0.0118999782450017
