fips_state_county_code,crime_per_10k
0,268.7485698014167
1001,266.13643315998775
1003,418.7175541008027
1005,140.27241309209188
1007,279.0363823964829
1009,210.85029982488103
1011,75.60684440907282
1013,119.8033995494573
1015,323.27927737573293
1017,490.19607843137254
1019,414.6332090842716
1021,53.73053118411209
1023,55.022795157994025
1025,159.8953718938531
1027,213.6039993940312
1029,184.14731785428344
1031,229.40003068896732
1033,175.35856355607459
1035,157.09820694193124
1037,253.04503824001512
1039,248.57011195142445
1041,209.10209102091022
1043,169.7847563594712
1045,182.67656253322843
1047,70.86927670869277
1049,135.24297534545758
1051,375.0794659885569
1053,230.8533916849015
1055,148.22280852577595
1057,120.52054618885826
1059,173.36057723006195
1061,239.96343414336863
1063,100.68762278978389
1065,6.84603272403642
1067,283.2383389554496
1069,409.1748006925814
1071,91.14356080439039
1073,111.87861702807773
1075,74.81659039732695
1077,256.9266248741352
1079,178.0976487450825
1081,227.4662224689987
1083,83.23332856246353
1085,23.414435508500457
1087,130.45160577082527
1089,116.08860728751493
1091,238.77745940783188
1093,226.3972426843279
1095,257.40932642487047
1097,118.22067375877957
1099,13.435700575815739
1101,38.12017395935031
1103,228.5651885389804
1105,155.9367342392515
1107,37.55445395823945
1109,298.57450886439864
1111,76.20138307712637
1113,119.88148858556968
1115,291.8140474987367
1117,120.38133802265695
1119,90.69933964515872
1121,252.0752114991911
1123,376.1375647735183
1125,117.23776390411285
1127,245.56638188335992
1129,142.9363563551229
1131,111.24845488257108
1133,156.9658917359579
2013,0.0
2016,185.5916982638196
2020,425.1540501371073
2050,1451.7114914425426
2060,492.9577464788732
2070,914.7609147609148
2090,385.96595643375787
2100,53.25686194182712
2105,0.0
2110,471.23546054699784
2122,437.3259052924791
2130,656.5656565656566
2150,373.2974609046578
2170,690.0298831839175
2180,1333.6753013593227
2185,336.7003367003367
2188,1246.9437652811737
2198,280.2859292701279
2220,301.9266917293233
2230,34.51251078515962
2261,108.60755389852488
2275,100.44194455604661
4001,1397.4783600990843
4003,378.11631057347245
4005,561.8566560638154
4007,768.5464890009081
4009,235.53427023631937
4011,138.94649523019496
4012,1285.6940576768775
4013,252.69779308204758
4015,541.7466979677978
4017,564.3255335654621
4019,410.48596281454263
4021,224.70532333961773
4023,292.9456112008616
4025,289.5286910544532
4027,224.0802207190174
5001,384.28693424423574
5003,173.9834108840785
5005,384.9063972077811
5007,447.18294283312935
5009,300.22169395550094
5011,114.88928008894655
5013,139.02113883069893
5015,323.88377037562014
5017,88.80647994534986
5019,150.85089332013388
5021,240.840554001501
5023,172.88817707691678
5025,26.5352539802881
5027,406.51801029159515
5029,369.0161173923503
5031,448.1241631827745
5033,340.97861855704195
5035,769.7299560393553
5037,351.5723270440252
5039,372.67960889896557
5041,112.29993810239633
5043,193.08831596269886
5045,304.4578485827511
5047,241.0386677956534
5049,146.21178555604786
5051,545.3556097462665
5053,85.31014365127415
5055,867.9534985742488
5057,817.8404191200334
5059,0.0
5061,280.88190878888554
5063,157.68097475511667
5065,122.64499445881049
5067,306.4419024683925
5069,419.39731274500997
5071,304.3413396986424
5073,54.961832061068705
5075,106.0838445807771
5077,421.7826284674852
5079,59.5911593874934
5081,241.16151259125584
5083,339.8148148148148
5085,149.59024693191483
5087,155.44668239279017
5089,158.89195347163928
5091,569.4760820045558
5093,333.06459739997985
5095,261.2051053725141
5097,0.0
5099,210.46228710462287
5101,33.67875647668394
5103,465.0262410737331
5105,119.31322145697933
5107,301.7535868822592
5109,140.99167297501893
5111,390.21524776570305
5113,258.1487619908593
5115,202.36719652727896
5117,101.60561966884094
5119,550.6480369222988
5121,164.87815783590432
5123,191.32449273046814
5125,228.34632525997762
5127,385.6355845745766
5129,331.39387806729064
5131,586.5823110026334
5133,136.3769388352356
5135,118.8895942748312
5137,90.1263378128269
5139,314.89757433287696
5141,236.8085493958346
5143,229.0526700652715
5145,184.59895495632938
5147,133.2079611346184
5149,146.77698312532138
6001,179.00290646584037
6003,599.0783410138249
6005,201.55433813224613
6007,340.4565133543374
6009,198.07671051177186
6011,382.8954723309111
6013,169.39246764981067
6015,410.10725322668605
6017,176.25729150244365
6019,256.66382300628555
6021,439.1928347901155
6023,435.39273976143875
6025,245.09641599611467
6027,344.3619176232275
6029,302.1567323697281
6031,407.42568315484846
6033,487.8048780487805
6035,211.11074171348784
6037,209.48358322973812
6039,276.98786826217787
6041,169.01080810249803
6043,339.02240798792525
6045,403.2564512971685
6047,309.4576938614337
6049,440.9540430482839
6051,152.86624203821657
6053,202.2041472224844
6055,203.86808111423827
6057,219.36161828451336
6059,205.9980023635868
6061,168.63150602851314
6063,328.4001296316301
6065,132.9589185932162
6067,191.50842607271994
6069,201.103399181349
6071,252.6060351354502
6073,199.3816261808932
6075,162.05289574461602
6077,207.31051403045342
6079,250.61126851005727
6081,167.25689593554048
6083,294.7215820218264
6085,149.47143241352234
6087,265.8120877553036
6089,410.64030816193036
6091,194.27402862985687
6093,420.3022658365543
6095,226.25142875037187
6097,268.4454518600684
6099,284.3538949697252
6101,392.21594214944724
6103,301.00439917377525
6105,277.5516848445385
6107,375.005109207976
6109,446.2962962962963
6111,361.5965546267099
6113,231.05699074053132
6115,301.97132616487454
8001,591.1055704781367
8003,428.5628778356378
8005,333.2305968483686
8007,284.8328311091979
8009,290.7140841095117
8011,234.96890117484452
8013,338.40787452731706
8014,187.57592022373512
8015,392.35064485842764
8017,26.680896478121664
8019,280.2865151043289
8021,0.0
8023,0.0
8025,273.9256976545112
8027,282.64331210191085
8029,286.3721865473179
8031,380.414875826713
8033,174.24975798644726
8035,133.89266098689615
8037,185.25900593751965
8039,74.08800300864986
8041,288.61632756451337
8043,287.4833222148099
8045,384.39739956659446
8047,1548.293156447177
8049,133.0847370451331
8051,251.37741046831957
8053,99.50248756218905
8055,196.0214897633222
8057,14.336917562724015
8059,231.142622177384
8061,189.0909090909091
8063,310.9843081312411
8065,157.70062317181737
8067,279.2616491246628
8069,278.271337704956
8071,442.27415416812
8073,208.779443254818
8075,604.4727238701225
8077,436.4885386726108
8079,0.0
8081,449.49843020139366
8083,678.407350689127
8085,481.6791177516898
8087,424.91923022896475
8089,439.39228330965136
8091,41.13533525298231
8093,77.72572402044293
8095,146.0197833254828
8097,193.46113136540043
8099,193.99767866025533
8101,145.01301780788455
8103,223.35673261008296
8105,559.0175953079179
8107,250.73291158771795
8109,112.9125651418645
8111,78.32898172323759
8113,114.41983277101363
8115,4.37636761487965
8117,275.74293848565304
8119,431.34292756619226
8121,128.59767299448868
8123,285.5400969204315
8125,122.31802686986164
9001,162.74708734678245
9003,262.0021010796512
9005,183.270844492055
9007,242.9427512552042
9009,252.23844872153379
9011,313.20818324270664
9013,255.69747657504374
9015,382.4177908437848
10001,289.54806292288805
10003,248.12200417074732
10005,270.48951649247806
11001,162.56487788151313
12001,0.0
12003,0.0
12005,0.0
12007,0.0
12009,0.0
12011,3.575370282561208
12013,0.0
12015,0.0
12017,0.0
12019,0.0
12021,0.0
12023,0.0
12027,0.0
12029,0.0
12031,0.0
12033,0.0
12035,0.0
12037,0.0
12039,0.0
12041,0.0
12043,0.0
12045,0.0
12047,0.0
12049,0.0
12051,0.0
12053,0.0
12055,0.0
12057,0.0
12059,0.0
12061,0.0
12063,0.0
12065,0.0
12067,0.0
12069,0.0
12071,0.0
12073,0.0
12075,0.0
12077,0.0
12079,0.0
12081,0.0
12083,0.0
12085,0.0
12086,0.5549203599199041
12087,0.0
12089,0.0
12091,0.0
12093,0.0
12095,0.0
12097,0.0
12099,0.0
12101,0.0
12103,0.0
12105,0.0
12107,0.0
12109,0.0
12111,0.0
12113,0.0
12115,0.0
12117,0.0
12119,0.0
12121,0.0
12123,0.0
12125,0.0
12127,0.0
12129,0.0
12131,0.0
12133,0.0
13001,296.07218110108596
13003,49.51690821256039
13005,187.68433282688352
13007,0.0
13009,173.2745304349773
13011,150.29552490852802
13013,7.580370568279255
13015,88.03951041442988
13017,78.59371250299975
13019,173.27505463627847
13021,146.72922919642974
13023,347.65625
13025,76.58990069723221
13027,291.98523596098073
13029,150.40089883049896
13031,140.83966044838226
13033,108.69077026723556
13035,562.6883540436775
13037,20.621827411167512
13039,14.442037438204745
13043,126.82836511757083
13045,177.19134478727787
13047,328.28729933899905
13049,272.12457600986744
13051,236.13470707513562
13053,0.0
13055,149.05369182032328
13057,138.98825522172766
13059,9.494754537247454
13061,91.22807017543859
13063,250.67929428776037
13065,398.43042559613644
13067,146.51454359811063
13069,172.65786359100508
13071,238.7646619514124
13073,60.0357686790235
13075,594.758064516129
13077,160.96184683252255
13079,118.1936746005869
13081,622.8866346324969
13083,0.0
13085,233.9848204805537
13087,293.9950748247774
13089,83.4760754276653
13091,210.76588165446267
13093,184.4473956027741
13095,397.8005267275672
13097,175.2774097973021
13099,439.6728016359918
13101,87.63144717075613
13103,183.89536716041601
13105,471.0221285563751
13107,60.950460565510284
13109,93.694368968425
13111,212.66864852504003
13113,239.45068226803764
13115,92.23454510208038
13117,116.83310488871484
13119,452.4221453287197
13121,85.34456367953798
13123,240.43715846994536
13125,40.24144869215292
13127,131.99436140592053
13129,292.8993061548552
13131,162.42709008425146
13133,295.97364159267323
13135,101.87925120943498
13137,154.91476401244577
13139,163.70571560027904
13141,90.10105929623768
13143,207.43243243243242
13145,81.14727492696746
13147,105.19291910350512
13149,326.8194070080863
13151,98.19132521858391
13153,217.36641949556747
13155,206.08649225840898
13157,93.83599339570722
13159,261.3215608088864
13161,165.3112918277563
13163,219.14572534610588
13165,73.32722273143905
13167,0.0
13169,327.12896228395493
13171,136.83548285624408
13173,240.48676839868648
13175,234.3982011794154
13177,235.7465306804882
13179,106.53918945376232
13181,30.379746835443036
13183,208.9597879822639
13185,274.484007654456
13187,18.9371167488277
13189,101.51811492968241
13191,336.4042434394193
13193,50.95344707789701
13195,202.34220328176906
13197,83.18264014466547
13199,306.41068607267675
13201,49.76008530300338
13205,286.2864685266943
13207,99.41435904851421
13209,28.735632183908045
13211,45.368221143701206
13213,180.32910060861073
13215,501.7082055609294
13217,136.55177399822873
13219,112.45761021344504
13221,337.33979679925625
13223,123.48936935856298
13225,431.46638749719585
13227,105.3381664962667
13229,194.52449567723343
13231,85.53405324494815
13233,221.1898978942156
13235,199.10494109051055
13237,103.82363702890596
13239,0.0
13241,234.35182438445563
13243,0.0
13245,19.015465581014322
13247,135.89698591672882
13249,152.14910612400152
13251,209.31071815229157
13253,247.06309797747366
13255,822.8105906313646
13257,298.13425658780534
13259,46.6988727858293
13261,511.0384300899427
13263,24.602263408233558
13265,0.0
13267,181.05080467024297
13269,128.4149565655294
13271,1.8974131933464042
13273,224.86461031316225
13275,352.3206275499854
13277,143.20926793196944
13279,165.9642710625443
13281,182.27215980024968
13283,409.30506478209657
13285,191.78276940574352
13287,57.773783540890996
13289,145.91319401508594
13291,136.46826701742847
13293,218.1413893574605
13295,236.3218257813517
13297,278.2267008904522
13299,334.8986305992183
13301,19.297568506368197
13303,124.27261071111549
13305,140.19634211941906
13307,0.0
13309,1.2683916793505834
13311,160.05016005016006
13313,310.7111298935802
13315,67.42857142857143
13317,254.36714679742568
13319,528.6048845767816
13321,270.0283455169327
15001,76.88869021010281
15003,138.63957608046758
15007,0.0
15009,472.66756232273474
16001,378.9060638643902
16003,92.87206872533085
16005,363.7334060118784
16007,136.35616888450798
16009,1084.3503618101306
16011,305.14816567029374
16013,147.78540509815923
16015,114.80908152734777
16017,233.0853545802703
16019,275.5439029924118
16021,82.45382585751979
16023,38.65481252415926
16025,44.091710758377424
16027,249.3172647110773
16029,205.57589411433398
16031,171.16742833402577
16033,296.91211401425176
16035,15.907283263265539
16037,69.93006993006993
16039,268.2285964528137
16041,65.41115583668775
16043,164.90166414523452
16045,183.8977349181431
16047,81.42359971107756
16049,237.17794365518904
16051,66.993300669933
16053,204.30814766093891
16055,401.7082126071413
16057,144.50724993855982
16059,72.5181295323831
16061,64.38320885912954
16063,61.065877128053295
16065,86.14392584569659
16067,151.33488792652167
16069,410.53846342721044
16071,134.5390383767093
16073,102.77754183300772
16075,548.1007866066545
16077,163.34405144694534
16079,224.0024889165435
16081,110.97099621689786
16083,292.23077098696376
16085,182.06039076376555
16087,336.14268914151313
17001,0.0
17003,0.0
17005,0.0
17007,0.0
17009,0.0
17011,0.0
17013,0.0
17015,0.0
17017,0.0
17019,0.0
17021,0.0
17023,0.0
17025,0.0
17027,0.0
17029,0.0
17031,0.0
17033,0.0
17035,0.0
17037,0.0
17039,0.0
17041,0.0
17043,0.0
17045,0.0
17047,0.0
17049,0.0
17051,0.0
17053,0.0
17055,0.0
17057,0.0
17059,0.0
17061,0.0
17063,0.0
17065,0.0
17067,0.0
17069,0.0
17071,0.0
17073,0.0
17075,0.0
17077,0.0
17079,0.0
17081,0.0
17083,0.0
17085,0.0
17087,0.0
17089,0.0
17091,0.0
17093,0.0
17095,0.0
17097,0.0
17099,0.0
17101,0.0
17103,0.0
17105,0.0
17107,0.0
17109,0.0
17111,0.0
17113,0.0
17115,0.0
17117,0.0
17119,0.0
17121,0.0
17123,0.0
17125,0.0
17127,0.0
17129,0.0
17131,0.0
17133,0.0
17135,0.0
17137,0.0
17139,0.0
17141,0.0
17143,0.0
17145,0.0
17147,0.0
17149,0.0
17151,0.0
17153,0.0
17155,0.0
17157,0.0
17159,0.0
17161,0.0
17163,0.0
17165,0.0
17167,0.0
17169,0.0
17171,0.0
17173,0.0
17175,0.0
17177,0.0
17179,0.0
17181,0.0
17183,0.0
17185,0.0
17187,0.0
17189,0.0
17191,0.0
17193,0.0
17195,0.0
17197,0.0
17199,0.0
17201,270.9837416860895
17203,0.0
18001,61.07594054159578
18003,180.98495754037955
18005,563.8587772055557
18007,18.509949097639982
18009,170.6630258554484
18011,72.10205213533
18013,5.239717055279016
18015,2.480281760007937
18017,129.01353454871645
18019,261.07655037941777
18021,4.591192562268049
18023,156.24029322233955
18025,14.204545454545455
18027,35.33357288297999
18029,14.314516129032258
18031,18.536368354711946
18033,37.764524374237226
18035,132.50058879458484
18037,114.66816437330338
18039,36.231008912828194
18041,4.795744866373108
18043,65.62148912266368
18045,23.969024645074057
18047,145.9264188611085
18049,32.43027490894577
18051,206.52400990837737
18053,238.77410993367386
18055,64.53229747509555
18057,73.9632283574012
18059,96.2409127363982
18061,15.039447731755423
18063,84.00926998841253
18065,19.160678954493388
18067,575.8971871968962
18069,13.53478993453581
18071,289.4600500078841
18073,53.5607420706164
18075,263.0818155536282
18077,49.61701863739262
18079,222.4399448436026
18081,214.99480003781792
18083,89.44106133101349
18085,59.48379732386328
18087,164.0252966817002
18089,144.2737854407872
18091,265.0966678505405
18093,444.16243654822335
18095,334.89907520960116
18097,306.05475848552413
18099,102.2791160316568
18101,55.778451903317354
18103,156.96773284486403
18105,153.8222917565818
18107,98.56188073752372
18109,24.866785079928952
18111,6.423065943477019
18113,58.98899991602989
18115,3.4340659340659343
18117,11.288998357963875
18119,6.250901572342165
18121,0.0
18123,36.64537744738771
18125,48.40661557079467
18127,80.66738188618629
18129,10.795681727309077
18131,123.48668280871672
18133,15.328910854454634
18135,67.10052952827519
18137,49.749500753249485
18139,160.16377649325625
18141,101.80092345615424
18143,208.87400586019254
18145,233.79883885140438
18147,6.557707828894269
18149,131.7109337520171
18151,144.3346489585434
18153,16.468878663114555
18155,7.448096080439438
18157,242.4458780630849
18159,126.15364185645043
18161,2.8608210556429694
18163,264.39194811349347
18165,112.11198237314497
18167,246.98935230390106
18169,18.619582664526487
18171,66.69091790954286
18173,151.64734061959678
18175,31.480289046290334
18177,150.36907389087588
18179,221.01033295063147
18181,93.72926343729264
18183,93.77190932460856
19001,27.318475916606758
19003,466.2199888330541
19005,143.8376168224299
19007,301.85004868549174
19009,97.9848400813459
19011,31.024191014765943
19013,176.41618146530809
19015,232.2300183038438
19017,102.79060429632604
19019,410.0184650347995
19021,296.20612700344896
19023,44.382801664355064
19025,20.844189682126107
19027,185.2593631083517
19029,241.644437470579
19031,114.2824326652501
19033,462.4085950256762
19035,124.44046553267682
19037,102.95358649789029
19039,371.71157737778253
19041,355.15538047895956
19043,73.48652746996383
19045,286.037456768103
19047,128.873528205729
19049,102.1059349074665
19051,87.74852826835499
19053,11.557724412482342
19055,133.49368610944077
19057,499.62637532531113
19059,168.85909435871488
19061,255.5250046515474
19063,154.06624848684933
19065,141.62117622824184
19067,123.59118852459017
19069,100.32102728731942
19071,299.7827661115134
19073,62.99212598425197
19075,60.54160189806103
19077,25.37593984962406
19079,291.3146333220683
19081,57.488063918932085
19083,207.1608190635852
19085,132.4266284896206
19087,459.34979712468066
19089,48.37822979659153
19091,177.40232312566
19093,32.453164183507894
19095,89.16879715657542
19097,255.10733174323346
19099,204.3022375959356
19101,104.91590503488183
19103,191.33877948353657
19105,66.35025184037194
19107,59.17743367195976
19109,145.67382613998237
19111,238.80242366638944
19113,298.7432484908391
19115,185.8031929286552
19117,260.1796756504492
19119,228.29500127302046
19121,99.18068132815868
19123,276.54411428048166
19125,61.630039383098335
19127,429.06452344360184
19129,395.67625275238544
19131,123.93936504909905
19133,182.09408194233689
19135,126.84442143411856
19137,195.5024311183144
19139,286.2832376713131
19141,124.0694789081886
19143,114.09395973154362
19145,223.3119077595918
19147,284.322609877662
19149,230.59369870691378
19151,0.0
19153,239.83072207361394
19155,356.9740460639395
19157,132.41468403487997
19159,6.091370558375635
19161,84.41896821261074
19163,427.28735088761147
19165,104.8126473927854
19167,60.21666474587992
19169,193.8757938879491
19171,148.3164882483105
19173,42.31770833333333
19175,140.0879622088288
19177,105.52182711766406
19179,536.4444825712733
19181,188.85279267290306
19183,166.6138452483361
19185,160.20103659494268
19187,207.57994248127795
19189,67.13984270093997
19191,117.65894056456092
19193,405.10745048850043
19195,264.86486486486484
19197,65.25025861382987
20001,363.11941510966693
20003,276.9270035732517
20005,346.37149431005537
20007,76.95789950203712
20009,334.3382807668522
20011,222.33132276616635
20013,429.03598027903075
20015,242.2653382275826
20017,19.193857965451055
20019,58.22862396567575
20021,126.79329157405536
20023,41.54078549848943
20025,91.0010111223458
20027,218.54471955533097
20029,252.9589231840334
20031,114.99877660875948
20033,46.26951995373048
20035,223.3201016649056
20037,351.95889531149646
20039,115.54621848739497
20041,173.01784078046677
20043,161.14240796541335
20045,13.056428250846627
20047,49.64539007092199
20049,93.4199837530463
20051,330.05715878990657
20053,152.9698942229455
20055,445.7656374147237
20057,449.58443018131265
20059,291.72213955673897
20061,652.3762253381312
20063,80.86253369272238
20065,44.4624090541633
20067,151.45256780944513
20069,179.34241115908335
20071,49.140049140049136
20073,480.73701842546063
20075,166.02316602316603
20077,104.85651214128035
20079,265.55943542944334
20081,128.9180990899899
20083,83.19467554076539
20085,439.8095669916119
20087,106.24240181827793
20089,24.91103202846975
20091,119.40936873672746
20093,71.28309572301426
20095,145.2081316553727
20097,553.9358600583091
20099,131.72560543114804
20101,84.58035133376708
20103,251.295590104625
20105,3.3433634236041456
20107,81.05057966553811
20109,238.7640449438202
20111,213.13640730067243
20113,104.89264343541006
20115,107.26351351351352
20117,35.2112676056338
20119,34.27172582619339
20121,107.08938220167958
20123,184.79149632052332
20125,414.8120087129463
20127,1.8304960644334616
20129,223.24865280985372
20131,96.7041641997237
20133,72.52774974772957
20135,192.5820256776034
20137,109.4416620293081
20139,57.34450816056462
20141,32.126168224299064
20143,62.554300608166805
20145,47.69964609939991
20147,85.4052002277472
20149,192.5190280434694
20151,861.9210977701545
20153,111.77644710578842
20155,369.63504592190856
20157,144.9588922544353
20159,58.24420205443185
20161,209.32625649913345
20163,78.2975306163421
20165,261.35249918327344
20167,225.19250326892345
20169,569.5863432298114
20171,147.54098360655738
20173,205.34200332902944
20175,131.97499421162306
20177,32.98465987393534
20179,110.75949367088607
20181,296.2710710028946
20183,19.635343618513325
20185,41.06280193236715
20187,25.60163850486431
20189,38.009049773755656
20191,156.22852430476016
20193,317.25222863135815
20195,39.811798769453496
20197,113.57018054746652
20199,19.96007984031936
20201,63.361908311591506
20203,76.73860911270984
20205,128.4746554543331
20207,66.41366223908918
20209,72.00920753716458
21001,684.8958333333334
21003,535.9082109636904
21005,250.30793594932254
21007,520.5306380290588
21009,578.7084095683405
21011,144.75271411338963
21013,651.966581467211
21015,404.65957928070577
21017,421.6747789808285
21019,758.3434887648857
21021,462.04839244282397
21023,249.57181306581845
21025,110.80994897959182
21027,244.66935246143265
21029,235.24222597956336
21031,424.2614707730987
21033,689.5732721083049
21035,279.22988652301416
21037,325.28270277816557
21039,256.627783669141
21041,966.504491017964
21043,224.9076871433367
21045,349.0136570561457
21047,575.3625022854169
21049,761.1969165308209
21051,447.512976868417
21053,355.2450305058059
21055,210.550147158705
21057,219.39779089120896
21059,575.7249632211373
21061,197.00809286356576
21063,55.114934803064926
21065,396.9888502237057
21067,511.2705860704757
21069,244.07203949655798
21071,289.2421231904627
21073,1803.10126333189
21075,661.4591989363471
21077,584.636301835486
21079,204.302299112224
21081,612.4157728958176
21083,659.6745999731074
21085,338.557516737675
21087,188.47309478284623
21089,96.17035892151812
21091,166.83807564849732
21093,525.219030016399
21095,896.8782478155433
21097,230.43199315654405
21099,179.64704639120785
21101,828.0577919929415
21103,907.1756103606394
21105,213.69485294117646
21107,715.9803043867502
21109,180.03884655610338
21111,460.75836000368776
21113,466.31743405936953
21115,323.7150586113616
21117,582.4483287704203
21119,89.80631324978219
21121,408.96244083495077
21123,394.56163711542507
21125,913.7675185490519
21127,205.4794520547945
21129,578.4766301211772
21131,331.9294023265142
21133,260.833178352241
21135,61.65791276547157
21137,326.93877551020404
21139,127.54823939823395
21141,387.6746952126078
21143,506.2972292191436
21145,611.0061008405944
21147,268.71735345327915
21149,254.7632008709853
21151,752.4412490610581
21153,210.6212096377643
21155,496.8879668049792
21157,318.29896907216494
21159,269.4421915833108
21161,534.0062202922364
21163,286.58302170342154
21165,234.5813267049868
21167,309.8993057152053
21169,310.6523699769516
21171,216.98290437723088
21173,406.2312338832173
21175,88.32188420019628
21177,311.64069660861594
21179,176.45778938207138
21181,250.9111298009532
21183,257.6268364756316
21185,170.917185842559
21187,131.88232039103568
21189,572.1393034825871
21191,212.10230817217717
21193,1133.9042428960686
21195,611.6724738675958
21197,594.9878738884397
21199,513.3368443879922
21201,71.09004739336493
21203,416.31623212783853
21205,952.7287482247921
21207,633.1533963112911
21209,359.9052880820837
21211,270.6714930654411
21213,746.7898780422286
21215,79.71703093654314
21217,648.1771240807385
21219,262.8786023348845
21221,238.5835384194695
21223,142.06227062862555
21225,269.57369740874896
21227,552.0771479897477
21229,233.30851327872924
21231,653.7875436268004
21233,277.6068901876346
21235,743.986729333702
21237,289.0416725129788
21239,248.63849765258215
21999,inf
22001,255.68924928066963
22003,218.14322773366874
22005,171.4629817444219
22007,353.8217282830574
22009,310.54038523996303
22011,125.21159685090147
22013,280.6803447486843
22015,228.7079706434545
22017,425.93743353199017
22019,379.43913276679086
22021,651.9538368090706
22023,0.0
22025,0.0
22027,61.763769500159185
22029,386.40837045478094
22031,198.72872068386062
22033,462.1830531359978
22035,173.56089094590683
22037,130.44844928751047
22039,39.777007684194665
22041,390.8011423418007
22043,1.788109074653554
22045,0.0
22047,266.8803352953866
22049,222.71573604060916
22051,273.0562002844528
22053,171.69979612640162
22055,587.8665202497829
22057,270.7902654686125
22059,159.12615467601645
22061,432.2367720643032
22063,562.7884745714347
22065,214.838416021848
22067,356.1841419928683
22069,683.834272594448
22071,411.6117191975625
22073,331.4197940667266
22075,161.29724164557504
22077,270.89284068921035
22079,602.59920558405
22081,380.70154435532146
22083,523.8428471458562
22085,320.10726107177277
22087,41.15914171698389
22089,334.1638296658362
22091,307.1739992072929
22093,182.28164678722587
22095,249.51340196515255
22097,421.32541700631435
22099,531.3601920624203
22101,810.8826294918442
22103,244.58991143627262
22105,536.8803441026365
22107,103.47206254311335
22109,514.140681653372
22111,296.7747764025657
22113,199.32330575190113
22115,279.48551165572087
22117,565.8500724339985
22119,269.55726785947496
22121,244.37927663734115
22123,273.8084262929842
22125,562.2882460255408
22127,327.0087681471899
23001,300.6683576176106
23003,325.27630514871055
23005,201.9495784695201
23007,221.79105476198444
23009,158.95507475430088
23011,402.18482866730346
23013,146.347575491793
23015,179.3956283201254
23017,162.84502898676126
23019,245.16512942576614
23021,133.03108035554493
23023,223.45744532275634
23025,223.11450442075284
23027,68.11238543596934
23029,195.04279487097904
23031,193.74312094165597
24001,590.5332192757343
24003,350.1100528807553
24005,261.23607732375086
24009,453.18567994169285
24011,420.8622249020199
24013,150.15940947576792
24015,559.0995103489983
24017,318.37025919866153
24019,684.6381558228884
24021,308.11019953728197
24023,386.8779846356149
24025,241.41246187913222
24027,112.85629754083031
24029,415.928281038257
24031,119.88944632357949
24033,110.10002702245501
24035,171.72500149066843
24037,333.383483932633
24039,546.5189376080465
24041,377.1166798462084
24043,396.6103495909042
24045,456.89262635755045
24047,781.6920513118629
24510,468.572882882732
25001,177.42469380999668
25003,182.4884792626728
25005,216.59074801537128
25007,255.22577664857374
25009,106.82433261678494
25011,224.388580198667
25013,209.29576018889233
25015,131.88087696106552
25017,82.14087267948167
25019,151.8476257351005
25021,74.74822361123537
25023,166.6405535213093
25025,122.70520570152368
25027,167.8091370264221
26001,57.42651352929726
26003,191.88110026619344
26005,321.28078639706547
26007,244.7776040926531
26009,100.03864153535702
26011,137.53773901375376
26013,70.43964051493806
26015,171.38380178239154
26017,237.3743255308412
26019,93.01538981904278
26021,285.7980838167243
26023,185.81354015188236
26025,265.8104980213544
26027,151.02334350521875
26029,180.04272200183095
26031,207.09130844053968
26033,189.06886934134306
26035,196.09122646742145
26037,97.34866531889415
26039,331.4797429046003
26041,214.19948906543894
26043,91.57944814462417
26045,151.63067304576558
26047,201.250190577832
26049,188.80766989777
26051,325.86719524281466
26053,181.17157619271288
26055,325.90825569775313
26057,128.37066097233946
26059,303.57613566470434
26061,59.891861915985025
26063,84.26238008815142
26065,202.77568599924356
26067,277.0973429235642
26069,226.26975848511594
26071,176.2674904597492
26073,306.8810143135332
26075,193.03677492733476
26077,218.7086491038133
26079,137.68399843286505
26081,175.7238209305044
26083,9.51927653498334
26085,47.062778384738216
26087,129.76212176449144
26089,41.81378925850213
26091,230.4594881857575
26093,55.455175035277826
26095,274.5223952480334
26097,137.12686567164178
26099,124.91901707256983
26101,202.3794922114559
26103,219.97917892545152
26105,237.32544541514756
26107,286.7449394572984
26109,409.12080684060516
26111,56.18316193048238
26113,217.03169456759082
26115,49.12841056734518
26117,253.8817931379915
26119,58.8235294117647
26121,267.99413943078645
26123,306.198193739948
26125,113.22209916013865
26127,293.15470590448956
26129,334.32606398309156
26131,54.683365672958196
26133,290.60269968188464
26135,177.7020447906524
26137,228.64555884379942
26139,150.12260126113898
26141,105.2548274770497
26143,90.92822563670806
26145,242.79900639501085
26147,162.98609750083767
26149,251.729407318556
26151,37.45685117634098
26153,165.0206275784473
26155,228.15878079035974
26157,168.66033308973422
26159,373.5532792337368
26161,116.9543647604659
26163,192.9248087336365
26165,365.96659994622536
27001,143.3714393987242
27003,144.82210418989786
27005,227.3522210563134
27007,605.963994983953
27009,148.59676992321948
27011,155.7128412537917
27013,395.71797711332596
27015,104.11661060387635
27017,68.95589056393077
27019,116.12288640152417
27021,326.8097325071785
27023,58.956916099773245
27025,140.00107007187316
27027,284.8322189298624
27029,96.52509652509653
27031,96.08277900960829
27033,160.00715115759363
27035,263.01630977818087
27037,172.3144117081949
27039,153.8387807917186
27041,244.0686852798532
27043,136.33365095653448
27045,17.584715555344328
27047,255.19131095044733
27049,224.0902506474694
27051,4.99001996007984
27053,241.80595874473056
27055,236.92324336019908
27057,349.4347379239465
27059,161.10156619606084
27061,112.14745725072174
27063,54.83346872461413
27065,15.455950540958268
27067,259.0431738623104
27069,14.275517487508923
27071,90.16326862155796
27073,38.02281368821293
27075,14.13360972392349
27077,172.13555675094136
27079,96.23259623259624
27081,31.9375443577005
27083,140.10644959298685
27085,165.19207078060253
27087,197.5353388909025
27089,0.0
27091,267.06231454005933
27093,70.21193602912496
27095,694.7424892703863
27097,93.96905970510032
27099,394.9044585987261
27101,52.38153246436838
27103,116.19103086779266
27105,189.1177542836311
27107,0.0
27109,203.4843117087603
27111,170.01598150226124
27113,189.03858362135855
27115,138.44479216273217
27117,142.809327234185
27119,303.9359064030012
27121,50.49594229035167
27123,206.5687294488898
27125,118.06078874654611
27127,517.8571428571429
27129,164.63752075262866
27131,161.95789094835342
27133,69.39995729233398
27135,163.8909163293743
27137,297.35142646938607
27139,220.45446684882234
27141,159.96425379803395
27143,64.791931066729
27145,291.7726993518948
27147,150.3943432145771
27149,159.13757700205338
27151,80.84510078689232
27153,138.01035077630823
27155,207.63358778625954
27157,120.83333333333333
27159,204.70112079701119
27161,165.60030109145654
27163,124.3619027179495
27165,208.5429433824202
27167,358.00677310111274
27169,187.55429203190397
27171,251.37104868859373
27173,135.05154639175257
28001,0.0
28003,0.0
28005,0.0
28007,204.43024024685917
28009,0.0
28011,192.4509962740969
28013,0.0
28015,0.0
28017,0.0
28019,169.40889701401582
28021,138.2954800989431
28023,0.0
28025,57.93319415448851
28027,4.519161243673174
28029,0.0
28031,0.0
28033,265.838549852886
28035,142.29492396658813
28037,0.0
28039,44.356826022671264
28041,87.86299329858525
28043,0.4792715073088905
28045,392.6971373283134
28047,563.5717373553005
28049,402.75462612180297
28051,0.0
28053,0.0
28055,0.0
28057,100.32873671177903
28059,256.9961219997904
28061,0.0
28063,0.0
28065,0.0
28067,184.65326220763234
28069,1.0070493454179255
28071,189.8346601347214
28073,59.95099657671121
28075,343.8121873823482
28077,0.0
28079,0.0
28081,0.2336011960381237
28083,256.84388542437375
28085,404.8165812871695
28087,0.0
28089,483.4367649975913
28091,47.25897920604915
28093,34.47588112944126
28095,80.31102786764289
28097,0.0
28099,253.75095070179077
28101,0.0
28103,0.0
28105,105.6153505059056
28107,223.15120113047576
28109,0.0
28111,0.0
28113,0.0
28115,16.291237194147687
28117,386.0341425752767
28119,0.0
28121,150.7540936976773
28123,0.0
28125,0.0
28127,0.0
28129,0.0
28131,431.23232107594595
28133,0.0
28135,0.0
28137,0.0
28139,0.0
28141,187.63568696371343
28143,787.5943684962252
28145,0.0
28147,0.0
28149,1190.1684593309822
28151,46.192514095509814
28153,0.0
28155,0.0
28157,0.0
28159,0.0
28161,0.0
28163,0.0
29001,142.81758120030065
29003,74.65644820295984
29005,150.74393108848864
29007,410.7393307954318
29009,370.8657248739168
29011,163.05275738432647
29013,453.0503320300379
29015,189.31535269709542
29017,67.57870446678754
29019,324.8383499332524
29021,334.9515112423759
29023,321.31532589547857
29025,217.48730404062707
29027,286.90441716971463
29029,201.33053221288517
29031,146.6476029000544
29033,166.1091244664898
29035,215.9827213822894
29037,327.3065519446544
29039,129.1005291005291
29041,51.70068027210885
29043,306.40763462849355
29045,158.8235294117647
29047,381.43511551373433
29049,366.887092823904
29051,2162.510580115893
29053,234.3039126478617
29055,176.42592344454866
29057,312.16790648246547
29059,57.3134328358209
29061,71.19584891999517
29063,43.859649122807014
29065,214.13557540725168
29067,128.33020637898687
29069,420.3904853567991
29071,203.7271156834171
29073,255.00786217269433
29075,25.734181047532548
29077,303.4258527142351
29079,444.1289799229365
29081,171.48339129392014
29083,91.1854103343465
29085,89.63408204154803
29087,62.22631942843973
29089,103.7037037037037
29091,345.48320116078355
29093,51.41388174807197
29095,312.67830489229493
29097,353.7985573423334
29099,235.6196806499117
29101,235.21920707155832
29103,84.14074451810302
29105,159.23029314128172
29107,151.35068076791862
29109,120.59184080736665
29111,188.75624936230997
29113,65.54564172958133
29115,211.9460500963391
29117,315.86598823762637
29119,103.66964518087968
29121,185.63946164556123
29123,85.43497905200033
29125,66.59777241933631
29127,1150.1711351968056
29129,30.378348522507597
29131,139.9019490613416
29133,129.49640287769785
29135,53.81332343663017
29137,72.90822821432704
29139,205.4195804195804
29141,207.10790371212494
29143,73.705308075257
29145,271.4081500773494
29147,163.90481780828102
29149,174.58500286204924
29151,50.456333011797874
29153,161.41688151552515
29155,375.1092248158781
29157,315.3059093756525
29159,343.3098591549296
29161,294.5527908540686
29163,155.2442256720939
29165,189.48644033564074
29167,136.31877621514926
29169,257.63156372331605
29171,14.811680067710537
29173,220.125786163522
29175,163.88787473124822
29177,247.28966938446374
29179,9.683666881859265
29181,48.11306570440536
29183,299.51078731566537
29185,124.29015321975784
29186,194.5285345890795
29187,398.8497311546123
29189,338.9245724326905
29195,194.25564569173426
29197,43.346337234503686
29199,47.26674886970818
29201,367.6931106471816
29203,174.5481554840307
29205,221.44522144522145
29207,209.8094517438261
29209,185.43673985152424
29211,69.88460913375589
29213,253.9738921942989
29215,281.7959054620188
29217,293.7001321650595
29219,326.3409989323946
29221,155.1135222021298
29223,147.00252660592605
29225,272.83330797707794
29227,69.13580246913581
29229,226.22950819672133
29510,507.95119143088175
30001,232.03831825439062
30003,149.04134212103054
30005,886.3170231467916
30007,133.8338501713726
30009,36.22178879910839
30011,0.0
30013,360.853865238645
30015,27.972027972027973
30017,198.457405321085
30019,0.0
30021,372.26023425721905
30023,268.5745734727573
30025,92.59259259259258
30027,93.44946470694974
30029,189.64181994191674
30031,126.87699471563857
30033,23.54788069073783
30035,1558.7721850450976
30037,12.224938875305623
30039,23.474178403755868
30041,703.914721558537
30043,69.13580246913581
30045,0.0
30047,203.31498994958318
30049,208.05922241661006
30051,12.330456226880395
30053,159.50982377962325
30055,18.050541516245488
30057,78.77560207067296
30059,112.96395911780527
30061,0.0
30063,236.84760352680624
30065,116.12903225806453
30067,43.364619223001064
30069,0.0
30071,175.74257425742576
30073,20.232675771370765
30075,0.0
30077,113.81645296066849
30079,93.19664492078284
30081,126.68724374625695
30083,212.86231884057972
30085,1152.4263977671737
30087,43.27083102185732
30089,41.29097497261313
30091,35.067212156633545
30093,321.5663855938259
30095,83.69951872776731
30097,145.51333872271624
30099,139.72380178716492
30101,119.22192010039741
30103,0.0
30105,219.58776774888858
30107,98.21428571428571
30109,19.32367149758454
30111,250.5133725006049
31001,366.56050955414014
31003,55.341271172228744
31005,0.0
31007,191.2568306010929
31009,0.0
31011,9.645061728395062
31013,189.38683667729234
31015,0.0
31017,88.49557522123894
31019,444.92587911977694
31021,79.46400747896541
31023,180.31555221637865
31025,82.54987388213713
31027,77.7047220561865
31029,7.573844988639232
31031,208.84093282283328
31033,308.93070814750354
31035,3.252561392096276
31037,322.63994852468056
31039,70.98591549295774
31041,175.24339360222532
31043,335.1726956877171
31045,251.62337662337663
31047,375.6107924367963
31049,448.7534626038781
31051,88.46426043878273
31053,313.50613915416096
31055,324.0381431577251
31057,0.0
31059,12.81347245103423
31061,100.53619302949062
31063,112.44668476153548
31065,156.41739875723164
31067,214.47343720668292
31069,16.059957173447536
31071,40.54738976178408
31073,65.55723651033787
31075,0.0
31077,30.13344812742144
31079,668.9895470383275
31081,261.33909287257023
31083,8.862629246676514
31085,11.025358324145534
31087,46.72897196261682
31089,91.06206077402751
31091,29.717682020802375
31093,40.222772277227726
31095,235.17673888255416
31097,117.6470588235294
31099,79.69348659003832
31101,446.76566826076015
31103,24.84472049689441
31105,394.18507128878946
31107,53.885762184169565
31109,346.53001281129895
31111,423.148546053574
31113,94.21265141318977
31115,0.0
31117,41.23711340206186
31119,329.7824116047144
31121,196.46109810044234
31123,88.66782006920415
31125,2.86368843069874
31127,195.79405366207396
31129,65.23314810340662
31131,187.4960807675425
31133,23.050326546292737
31135,288.5606320851941
31137,45.88696138780078
31139,8.454276454840073
31141,262.9212135747691
31143,7.630675314765357
31145,394.7368421052631
31147,290.40886511272447
31149,0.0
31151,206.9206571128976
31153,154.8020725831894
31155,149.5274368740302
31157,211.72912115610822
31159,220.103986135182
31161,256.9593147751606
31163,83.05647840531562
31165,8.561643835616438
31167,378.1228899392303
31169,50.06007208650381
31171,55.02063273727648
31173,634.7717323327079
31175,96.08455440787894
31177,135.91951243107283
31179,32.12679374598415
31181,8.60832137733142
31183,12.5
31185,260.79988344139286
32001,418.80096709420974
32003,448.60519544707887
32005,287.2524040437248
32007,348.0528314721388
32009,84.13461538461539
32011,129.6111665004985
32013,246.15018728818598
32015,300.84669428931727
32017,104.14657666345227
32019,172.39542646118883
32021,517.3951828724353
32023,307.739584705211
32027,318.2705299504579
32029,550.185873605948
32031,368.34852660589354
32033,2.1247211303516416
32510,529.2750175704168
33001,360.8162997903564
33003,248.18773805135766
33005,205.3197064989518
33007,232.94350084446
33009,285.35454829076974
33011,224.06138878684635
33013,301.26047647330563
33015,192.44083635766432
33017,284.47577254170426
33019,110.20692862125087
34001,341.2010642341315
34003,129.05272331899295
34005,344.70612938841583
34007,477.55200034921535
34009,489.2164892164892
34011,643.0242663279631
34013,303.3659436269596
34015,377.9731465506851
34017,208.35975122456142
34019,146.65503763284556
34021,341.89310241863245
34023,167.4119538919929
34025,279.2813804854504
34027,138.6078264049738
34029,182.72819844946815
34031,276.2674562682943
34033,410.23321920020675
34035,153.89409230620296
34037,158.41427668256796
34039,245.13255468541442
34041,273.92692106140726
35001,306.1820525232432
35003,8.445945945945946
35005,733.1523846452113
35006,571.3213213213213
35007,813.0354443137913
35009,236.88149856374153
35011,80.0
35013,117.33431111925933
35015,144.9200707429729
35017,186.58095026971108
35019,412.29909154437456
35021,0.0
35023,593.4646804420952
35025,630.0760878857826
35027,481.4376190721384
35028,11.966701352757545
35029,537.5078798066821
35031,383.5457224689718
35033,65.11001347103726
35035,438.8059701492537
35037,83.47655290940338
35039,242.54452663865763
35041,164.81740816546375
35043,257.93826663848415
35045,322.25611473734193
35047,115.9600541390789
35049,656.4648028907545
35051,369.44675348665373
35053,442.54190280959847
35055,263.23816495851634
35057,104.7052740434333
35059,344.5729756337682
35061,136.806793164902
36001,209.80347274451458
36003,198.16873773708303
36005,inf
36007,236.36421192584072
36009,228.13688212927758
36011,82.47692609805591
36013,300.11786389488753
36015,285.3469819300269
36017,210.3087511452984
36019,188.6863136863137
36021,276.6377868977048
36023,236.16563251867797
36025,166.0482374768089
36027,140.42680145810687
36029,255.91817620825327
36031,191.8343094813683
36033,192.16881970633077
36035,257.2432289502512
36037,167.1451468024024
36039,242.40362329626402
36041,167.39279981655582
36043,170.497270082061
36045,150.04612629560626
36047,
36049,114.0176937156803
36051,180.41319411182425
36053,216.59722618572
36055,150.82606840212156
36057,222.29013854930724
36059,117.51201802259921
36061,1.4870433294112466
36063,157.2911823957849
36065,195.49367533380183
36067,323.8996179410687
36069,207.62920876189781
36071,206.97041929623757
36073,199.6510468594217
36075,170.64583279792348
36077,135.83233249319147
36079,100.4549479405209
36083,213.33215621236104
36087,91.2201384580418
36089,151.40752925343003
36091,114.47463311640354
36093,210.14900651539563
36095,149.3460011713412
36097,117.66030512863817
36099,157.38071424369008
36101,137.1234638166909
36103,156.213786695865
36105,293.2806007241826
36107,111.88199262453904
36109,146.14655686136592
36111,174.2581187800238
36113,221.2111703796674
36115,187.62685852901862
36117,132.0676383792821
36119,109.71213137667417
36121,171.63482167646833
36123,159.90908721944885
37001,283.27493760664555
37003,195.4693943126439
37005,236.60154149489156
37007,323.6285377837333
37009,330.88371062446913
37011,321.59880549015105
37013,124.3558621864486
37015,177.01946147693948
37017,44.33781772905342
37019,53.78330373001776
37021,171.96960430554708
37023,211.14475120710418
37025,295.13340884193326
37027,459.11344450805797
37029,111.65906764678515
37031,256.28176676927484
37033,125.90326727845014
37035,174.09291242541792
37037,162.60049710485023
37039,381.90178665449827
37041,311.4459992823825
37043,0.0
37045,114.19316481128402
37047,119.62414166967835
37049,108.47444423887747
37051,166.41125033805102
37053,288.933309104125
37055,264.3447076722452
37057,191.5407480802576
37059,50.35317155045807
37061,25.497628720528994
37063,166.5839609545286
37065,0.0
37067,63.97158215711547
37069,213.1020505484025
37071,57.02105220822516
37073,0.0
37075,0.0
37077,227.83720237109648
37079,259.41821649976157
37081,243.29846309437272
37083,278.3657494308878
37085,84.60558865289752
37087,616.9076002374572
37089,72.22481244436909
37091,420.6541618816724
37093,51.687934097884025
37095,0.0
37097,279.9911342605419
37099,282.4703566359932
37101,127.32241492525782
37103,16.718913270637408
37105,3.5553831733410903
37107,0.0
37109,169.0801236131996
37111,391.1448839303362
37113,268.3862956482474
37115,230.83603784796819
37117,225.5002451089621
37119,199.09264710888772
37121,235.78270480273295
37123,191.55820280903006
37125,340.9193217626169
37127,295.4225502324986
37129,173.82573366491417
37131,5.157563566970962
37133,73.99837908312485
37135,109.10747189499182
37137,298.9927829328258
37139,402.58260539308776
37141,43.33028708284751
37143,35.80219288431416
37145,368.13854567551147
37147,299.433906048267
37149,182.86767559177338
37151,0.0
37153,402.0336857194051
37155,194.86102551226156
37157,323.23814165762013
37159,372.56219551306526
37161,199.9280079191289
37163,171.5381833618968
37165,505.050505050505
37167,368.9538807649044
37169,109.70781446992989
37171,0.41851510839541306
37173,377.09399313100164
37175,435.36503683858
37177,329.58984375
37179,134.77638521329538
37181,556.1302509669875
37183,70.60786497140954
37185,157.72870662460568
37187,226.45701589471886
37189,214.60896619997172
37191,156.05979451721285
37193,333.28944095743907
37195,322.21285877162546
37197,178.289807810537
37199,132.9237643116448
38001,39.89361702127659
38003,208.99854862119014
38005,233.23192814718237
38007,75.67567567567568
38009,71.20253164556962
38011,89.22670191672175
38013,153.11004784688996
38015,584.9992170781356
38017,290.44805595107556
38019,42.57583821181479
38021,58.44291379670215
38023,30.715225976305398
38025,280.5017103762828
38027,127.64084507042254
38029,96.21353196772192
38031,101.36205258156478
38033,5.691519635742743
38035,310.3212771406619
38037,34.20265070542967
38039,82.56880733944955
38041,48.2897384305835
38043,41.390728476821195
38045,10.005002501250624
38047,155.4959785522788
38049,162.320842686928
38051,51.48514851485149
38053,355.2640568422491
38055,255.27426160337552
38057,117.99410029498524
38059,313.4735827846475
38061,1554.8109143130685
38063,89.31761343336906
38065,46.415678184631254
38067,76.49308620182407
38069,285.4996243425996
38071,478.46045197740114
38073,56.409258899046876
38075,64.405324173465
38077,369.2365362988879
38079,406.1138595584435
38081,70.58823529411765
38083,67.46626686656673
38085,2741.562644475266
38087,0.0
38089,421.5568102518556
38091,37.51339764201501
38093,295.08833236264803
38095,347.86641929499075
38097,51.77421391589847
38099,137.56209400076423
38101,234.11520854147716
38103,100.64516129032258
38105,738.9326528347942
39001,13.419897718617388
39003,686.6098820854122
39005,188.08193668528864
39007,53.28486751068795
39009,108.99803894741643
39011,26.693506038858747
39013,89.64367764313708
39015,29.976019184652277
39017,208.1211344806947
39019,25.317473075068317
39021,289.97170374600864
39023,197.40674902529017
39025,193.59930972948064
39027,106.43870844842365
39029,124.22612402314017
39031,36.96199759062534
39033,172.53931275480488
39035,110.68565951552395
39037,92.49823626244415
39039,282.50223790216415
39041,86.63977167871936
39043,226.48314636539635
39045,86.88876169722715
39047,312.66467591779383
39049,179.32812993376555
39051,42.46234135926936
39053,41.62470627727425
39055,65.97388755662136
39057,165.6192720607489
39059,97.13240409141268
39061,239.51392186910948
39063,110.60641407418589
39065,67.63654925982644
39067,0.0
39069,121.53874744471288
39071,98.81146585877418
39073,210.040801844953
39075,0.0
39077,80.98494267163973
39079,95.28834812837543
39081,213.72897999263532
39083,97.47660076623397
39085,265.5167169950685
39087,58.877954411641014
39089,60.25394014097149
39091,85.34724832511553
39093,122.95984977785669
39095,215.90760249237505
39097,116.28953169283368
39099,113.84737912099428
39101,111.24959608549139
39103,80.24385215070241
39105,30.451994605646668
39107,9.045127854104532
39109,170.96205268248278
39111,38.78237962827455
39113,284.6861482083152
39115,150.79529022929148
39117,0.28499772001823986
39119,155.9223863307269
39121,0.6997900629811057
39123,53.665501452414944
39125,43.48059477159268
39127,49.28649206258238
39129,107.75566231983528
39131,117.14961790604757
39133,154.95381720030707
39135,145.67035338548692
39137,12.785442435775453
39139,498.98741741642044
39141,252.06794875140255
39143,203.9783273027241
39145,82.26495726495727
39147,99.0063037041074
39149,111.24182197180774
39151,159.57346291422016
39153,227.41010904667806
39155,141.25131412243576
39157,118.41976490033818
39159,71.8900718900719
39161,167.25737724503205
39163,27.518728023238037
39165,84.14155221419428
39167,113.2756373843018
39169,120.91418714963346
39171,24.829467939972712
39173,85.01765751348357
39175,106.348842539537
40001,159.05569227964634
40003,29.53953084274544
40005,138.85859687386406
40007,18.99335232668566
40009,121.68602230139268
40011,190.35116508040693
40013,342.9686188957879
40015,224.92970946579194
40017,216.66930254625967
40019,316.3827334443448
40021,156.205098731475
40023,460.88330242461706
40025,108.95310279488395
40027,181.80460322720677
40029,148.35164835164835
40031,555.2242316318217
40033,71.76614738316121
40035,103.69638826185101
40037,123.49300811645224
40039,136.4883401920439
40041,75.384031860421
40043,85.85445625511038
40045,51.05948429920858
40047,309.0188076942063
40049,292.7830596369922
40051,107.08091395822336
40053,46.3980463980464
40055,38.20107657579441
40057,98.97221164826799
40059,2.631578947368421
40061,192.52099508794169
40063,126.43409037696091
40065,136.45382030206096
40067,158.2330641173562
40069,153.9448364336113
40071,322.16789288488786
40073,61.14087614245194
40075,64.96519721577727
40077,71.32950267485636
40079,63.881076737645635
40081,82.24202653523226
40083,62.15614631892822
40085,103.99505766062602
40087,69.24422759419433
40089,158.51560579995083
40091,156.29757434283974
40093,51.05380285377667
40095,135.02309605590432
40097,136.7336399183533
40099,169.64924838940587
40101,115.71344339622641
40103,135.41202672605792
40105,143.79986210972126
40107,87.17310087173101
40109,240.67330015339783
40111,326.4243253195855
40113,113.47030000859624
40115,175.44991292007998
40117,167.99509503372164
40119,134.54439479308334
40121,248.15168971709772
40123,590.1896664486592
40125,226.2048318017381
40127,61.26678079106226
40129,30.16177680285166
40131,138.70920565636567
40133,148.01879339736394
40135,238.57830795179544
40137,83.17025440313111
40139,195.50054032812653
40141,126.89655172413792
40143,240.80297161763315
40145,92.75421843447307
40147,335.5212355212355
40149,56.18486633439058
40151,107.06638115631691
40153,175.24752475247527
41001,216.09397575224574
41003,134.39815305605617
41005,242.29408974800356
41007,276.5115463607674
41009,154.21815204767435
41011,275.74616414054964
41013,267.4062422385959
41015,108.95351902293297
41017,243.29098929825994
41019,381.4644602277888
41021,222.57551669316373
41023,56.27462014631401
41025,130.38704364534723
41027,178.29721890462378
41029,474.11429322480205
41031,217.8988326848249
41033,293.61381389612166
41035,179.24598177912748
41037,225.6789493816142
41039,284.9510006973684
41041,307.07502469907456
41043,342.99988290855157
41045,333.0710726462104
41047,269.02376180933294
41049,223.10405643738977
41051,313.6562147308504
41053,230.86752313855507
41055,230.6327616794796
41057,158.22784810126583
41059,336.3420058966534
41061,268.2557699583806
41063,19.838458268386
41065,247.57885216867015
41067,235.92899534123308
41069,7.407407407407407
41071,224.6616121680078
42001,123.88898613299104
42003,204.51022881092393
42005,178.26798900114315
42007,159.68528640407854
42009,210.75475241533294
42011,191.0516041439295
42013,259.6869302409619
42015,206.72902138348152
42017,122.3684792962173
42019,122.24213176206757
42021,211.14099116404148
42023,217.34208738963096
42025,215.75091002827727
42027,122.98311960459675
42029,117.4688650388313
42031,184.05703175631888
42033,216.23706370122775
42035,130.44944111621152
42037,190.38845386150777
42039,174.0622411548929
42041,109.65128914353454
42043,325.3475196705852
42045,176.2957873187456
42047,221.2418955952142
42049,194.93285440825406
42051,235.7987572659852
42053,126.09117361784675
42055,151.3441278737869
42057,239.97233748271094
42059,146.9624637274174
42061,187.55138774693896
42063,221.10121283675002
42065,150.25464936740948
42067,166.5383524453989
42069,154.25702484480968
42071,132.0910290237467
42073,136.6417482656559
42075,180.92637682791235
42077,187.23637629674363
42079,226.30705027432114
42081,221.49186744060714
42083,195.20961031927723
42085,182.40577919300415
42087,136.86151176661966
42089,243.04488618904674
42091,130.81028462801015
42093,137.31736790069206
42095,185.93227460451388
42097,246.46370954384335
42099,137.30721676319385
42101,206.84525120609385
42103,151.94238402270156
42105,176.99115044247787
42107,223.94035816283866
42109,206.2185867744161
42111,152.483477549908
42113,310.579637933898
42115,152.7798856680326
42117,185.66462016421332
42119,105.15247108307045
42121,232.71853077953813
42123,169.53047208108865
42125,170.74202061735414
42127,128.20764148909058
42129,162.31175109518807
42131,151.13725198228047
42133,203.68507273989923
44001,129.68566664608164
44003,193.66336875385284
44005,216.0093959243967
44007,210.01542087710942
44009,196.10949182613103
45001,129.10503885685637
45003,172.81997187060477
45005,100.66346373827498
45007,206.1957623556753
45009,262.67215675138436
45011,392.53139773649775
45013,160.1473480473262
45015,200.4654333466538
45017,157.69816018813114
45019,264.74825028979956
45021,394.3666893816288
45023,358.85316251010636
45025,312.6573686860946
45027,253.23243758565215
45029,375.4329869437783
45031,335.2995032044066
45033,282.8886844526219
45035,206.23193061355607
45037,50.48442778128364
45039,253.59712230215828
45041,297.6186174249268
45043,281.1630361769504
45045,292.1383563582941
45047,359.7974640696182
45049,265.68535337717924
45051,418.1329967231221
45053,140.16318515759895
45055,268.1001633097441
45057,307.555773173792
45059,361.8152400030819
45061,184.51712105979064
45063,165.72426106457053
45065,310.11911149264944
45067,303.33506358681547
45069,331.23994792065554
45071,417.5073723420767
45073,238.0349134763992
45075,229.8131609734626
45077,257.93366738248625
45079,155.65094385639725
45081,260.8350689278985
45083,181.13400295478274
45085,241.3657033334586
45087,389.1193421680555
45089,169.07571940061
45091,226.99677041457625
46003,32.2234156820623
46005,330.04171727306334
46007,693.7590711175617
46009,79.49125596184419
46011,176.28114582744786
46013,367.52006502082696
46015,260.36644165863066
46017,629.3018682399214
46019,115.19149355124546
46021,22.123893805309734
46023,235.68661213947482
46025,32.284100080710246
46027,199.78517722878627
46029,394.46813084446995
46031,217.0767004341534
46033,73.39449541284404
46035,448.0796586059744
46037,56.98529411764706
46039,53.438661710037174
46041,699.4606961921883
46043,3.4399724802201583
46045,52.30125523012552
46047,226.52265226522653
46049,30.329289428076258
46051,0.0
46053,59.89458552946814
46055,15.764582238570679
46057,28.653295128939828
46059,65.27820951196767
46061,44.68275245755138
46063,96.69621273166801
46065,233.60236444242355
46067,21.822149481723947
46069,0.0
46071,27.132951462164606
46073,59.347181008902076
46075,120.7464324917673
46077,49.413218035824585
46079,90.90220437845618
46081,225.6223059298668
46083,141.91997921538064
46085,344.6461457511181
46087,1.8191740949608879
46089,54.55308434746118
46091,36.98656803581857
46093,282.90625497373867
46095,78.85657959586004
46097,36.73094582185491
46099,563.8668681945773
46101,434.118006725772
46103,1096.3076429830967
46105,27.643400138217
46107,27.598896044158234
46109,373.93059694318947
46111,66.0883932259397
46113,373.66174515429293
46115,185.84481957565433
46117,46.57351962741184
46119,36.127167630057805
46121,549.0767735665695
46123,177.21986339302197
46125,64.50071667462971
46127,131.62098268481247
46129,314.4654088050315
46135,217.08560379680085
46137,0.0
47001,512.7203674024591
47003,447.77022529700076
47005,303.3867871958393
47007,87.89452656811825
47009,477.2689526052755
47011,633.1134185155287
47013,421.5599239061509
47015,131.23539920296824
47017,476.07133921869973
47019,228.65159327345273
47021,508.8125246159905
47023,305.90412305557163
47025,336.7704096112004
47027,384.2159916926272
47029,464.16801653354185
47031,598.1961427400092
47033,405.5376870367781
47035,449.8902706656913
47037,343.95403871924276
47039,282.39619015790794
47041,556.1565696302124
47043,631.3936249073388
47045,673.9580254212237
47047,79.43512797881729
47049,376.17039916771614
47051,759.4470498686375
47053,388.10967518017196
47055,552.6957464101869
47057,345.1247360937567
47059,372.96812633771043
47061,627.9272842740336
47063,533.6108541473944
47065,462.9908934525799
47067,329.7040331237541
47069,330.0396047525703
47071,630.5430216275089
47073,326.5191823018762
47075,651.2874286380054
47077,596.3521597122831
47079,451.928434346561
47081,422.652923150396
47083,429.40320232896653
47085,291.0467946984041
47087,467.741935483871
47089,465.2233145550278
47091,477.8830963665087
47093,313.1586679100188
47095,369.4146407714247
47097,343.14490943160524
47099,487.7216916780355
47101,408.112582781457
47103,508.68340765078625
47105,338.50283328362656
47107,380.7367771146326
47109,406.3528956033314
47111,539.0758699372504
47113,655.1356231277443
47115,520.4293628808864
47117,410.16719252204166
47119,445.79163513616925
47121,333.68344509978186
47123,434.76394849785413
47125,353.94069486921336
47127,182.12951432129515
47129,482.2358630952381
47131,371.93575655114114
47133,173.49943374858435
47135,102.68464678955834
47137,291.0521140609636
47139,615.9848663986759
47141,489.4543355792274
47143,490.2137910267992
47145,705.7795046138903
47147,277.4180462155373
47149,410.85543176238906
47151,608.3995459704881
47153,417.9463212711978
47155,382.3033168651936
47157,407.17801178976487
47159,686.5775827682489
47161,587.0236869207004
47163,722.5541804512233
47165,471.9134012348021
47167,475.9047866130497
47169,421.080048619552
47171,567.6362609432364
47173,688.4516161667257
47175,476.51933701657464
47177,609.8868954758191
47179,582.4544582933845
47181,345.20348837209303
47183,582.0778120651056
47185,320.3342618384401
47187,308.60246338861407
47189,401.1280644133095
48001,173.6701481661404
48003,184.05240080116926
48005,316.16763700212545
48007,489.853044086774
48009,28.762080073630926
48011,10.643959552953698
48013,346.7250458552748
48015,152.28764703922158
48017,63.14580941446613
48019,161.8798955613577
48021,178.45797785442002
48023,245.4160789844852
48025,303.6275173985342
48027,201.9085383002481
48029,223.38852779428208
48031,93.33107076192093
48033,93.02325581395348
48035,130.99264508509154
48037,628.5726451145908
48039,216.98889619849942
48041,207.42205879790183
48043,201.95439739413683
48045,13.395847287340924
48047,704.265268527703
48049,286.19215759152576
48051,163.39159700358266
48053,224.1822127540964
48055,214.05240113975952
48057,279.62902549284615
48059,144.61626575028637
48061,253.66050452075274
48063,216.37382030230953
48065,255.54808338937457
48067,142.52735119943793
48069,323.9883628669664
48071,166.26895543068278
48073,127.6343695664635
48075,362.9863880104496
48077,217.26535341830822
48079,111.43062544931705
48081,59.594755661501786
48083,7.239382239382239
48085,152.8050881375398
48087,0.0
48089,158.09154162919486
48091,230.54583855851098
48093,321.68980444842515
48095,46.81647940074907
48097,302.3061003252193
48099,317.8922129877827
48101,0.0
48103,203.3195020746888
48105,182.45004344048652
48107,42.00945212672852
48109,674.0535549399815
48111,325.8006377374185
48113,211.1772115886491
48115,300.3907521979811
48117,188.6080724254998
48119,125.72715331206605
48121,101.18086545164232
48123,223.03798876466988
48125,103.97830018083182
48127,328.7937743190662
48129,606.1538461538461
48131,170.57761732851986
48133,84.7410994332251
48135,426.74996657469643
48137,178.1970649895178
48139,106.46396409096803
48141,172.4957375408047
48143,109.16571214848406
48145,93.27270607438498
48147,283.54904632152585
48149,163.3121119854482
48151,139.51039747301922
48153,68.00348735832607
48155,0.0
48157,78.97254757606493
48159,74.8502994011976
48161,152.91607396870555
48163,337.4095333166958
48165,239.82284206558614
48167,394.81343032557925
48169,413.6773011753931
48171,274.512721321232
48173,57.142857142857146
48175,85.71805354081499
48177,179.0944447111922
48179,207.92992162286768
48181,238.38714071652365
48183,331.31395824805566
48185,104.55537562486799
48187,170.8148676184776
48189,145.52328372539606
48191,121.21212121212122
48193,122.12473322267014
48195,48.041389504804144
48197,23.25581395348837
48199,278.01105745678495
48201,131.36838805869
48203,163.50971905493245
48205,512.7310777816533
48207,132.54272758981514
48209,175.92945497384014
48211,0.0
48213,116.00216046351763
48215,247.4751297701869
48217,159.59646076242456
48219,135.65552249256083
48221,175.66995539057666
48223,217.7636408123318
48225,198.15347095200767
48227,248.21526633717738
48229,1578.841512469831
48231,93.02229220187287
48233,250.69238850157578
48235,33.28894806924101
48237,185.90328467153284
48239,180.76742154425105
48241,193.2191031717098
48243,53.88414907947912
48245,375.69269819248143
48247,140.1151631477927
48249,422.19419924337956
48251,96.14257926929297
48253,125.73224746392341
48255,224.2811501597444
48257,208.25861003212785
48259,184.87556452387818
48261,0.0
48263,154.71167369901548
48265,357.98748855660665
48267,269.3915466790525
48269,0.0
48271,544.3441317047265
48273,419.1675047853875
48275,60.739922694643845
48277,234.39397619625942
48279,130.2504816955684
48281,283.8841170476052
48283,558.7392550143267
48285,95.057980391181
48287,221.54673525457414
48289,23.104783314599725
48291,117.34073547291872
48293,217.34479955504216
48295,2.990430622009569
48297,24.65483234714004
48299,231.92140441294893
48301,548.780487804878
48303,202.54905586318532
48305,58.25908156271419
48307,103.70557733653726
48309,249.396085616854
48311,226.96929238985317
48313,118.58258928571428
48315,180.64911206368646
48317,5.1299589603283176
48319,111.94029850746269
48321,348.456050464149
48323,171.21418826739426
48325,160.12238653748088
48327,288.4160756501182
48329,145.1735945807976
48331,331.18932523670645
48333,30.71253071253071
48335,299.37106918238993
48337,187.5738732720078
48339,144.73631602095077
48341,208.57800535538124
48343,339.7620024620435
48345,40.650406504065046
48347,432.07800941492934
48349,272.4303001664167
48351,73.66482504604052
48353,345.9141037057332
48355,445.5500124031862
48357,176.47058823529412
48359,1184.2105263157894
48361,77.1300879427171
48363,416.75349031048137
48365,297.7240649258998
48367,102.3781751721781
48369,155.84948221060188
48371,114.14646658971398
48373,283.18759936406997
48375,418.16925617606415
48377,66.19593998234775
48379,189.112273937391
48381,278.45336774705913
48383,42.451578668081716
48385,23.008340523439745
48387,331.2801731313467
48389,331.9659198485327
48391,790.2691809414135
48393,0.0
48395,131.44941803231222
48397,242.1037807110758
48399,95.69850039463299
48401,100.06315623273072
48403,107.7319096196015
48405,150.48723325521155
48407,127.28912319644839
48409,244.63862603945003
48411,43.29004329004329
48413,42.71982912068352
48415,273.9807795618695
48417,6.216972334473112
48419,238.57931206174018
48421,326.05151613955
48423,201.02437209624253
48425,176.15776645247064
48427,195.50130127649027
48429,457.6561163387511
48431,128.1085154483798
48433,0.0
48435,178.42660178426604
48437,122.6721844516701
48439,185.1023677770024
48441,252.11795076900702
48443,0.0
48445,148.0019733596448
48447,107.31052984574112
48449,308.48250919369053
48451,224.29401432238885
48453,197.85255459475536
48455,1243.088265410608
48457,96.51076466221231
48459,201.48079354023167
48461,300.56864337936634
48463,312.0323256510027
48465,167.39223741492427
48467,110.49723756906077
48469,275.7273122014763
48471,321.0693123880391
48473,138.4314926859156
48475,428.1112241437775
48477,241.82969257970686
48479,184.87142249409558
48481,358.45410628019323
48483,157.71028037383175
48485,356.5959975317859
48487,259.9352137157304
48489,192.8374655647383
48491,106.56199555325435
48493,82.17023786121486
48495,388.08664259927804
48497,187.7947857287537
48499,129.04936580191807
48501,133.19434792680102
48503,395.5687349633526
48505,7.085163667280714
48507,77.88944723618091
49001,198.32189168573606
49003,86.02654739575819
49005,249.7919696392326
49007,383.88767177853015
49009,0.0
49011,162.23564531274087
49013,377.26458291857455
49015,0.0
49017,0.0
49019,798.0406163894276
49021,222.4962170038671
49023,419.6222545081617
49025,170.16887972154186
49027,204.06597621787495
49029,15.35229476405947
49031,0.0
49033,108.6082059533387
49035,382.1740457960587
49037,201.39426800929513
49039,109.69453792389335
49041,196.78519240136384
49043,164.21557111309497
49045,415.6091815415679
49047,450.8208183013116
49049,217.56931929558317
49051,261.5304589064848
49053,300.88988396276807
49055,41.13687359760658
49057,197.2982992724408
50001,64.31828050369083
50003,355.35294617323103
50005,212.7659574468085
50007,201.83953484142046
50009,3.21646831778707
50011,243.9616458308047
50013,83.32156475074142
50015,140.70033989407952
50017,25.95694607877068
50019,239.15399275064462
50021,173.05224564619616
50023,308.6248701073779
50025,454.07795947752754
50027,154.06749103094097
51001,177.98798892242587
51003,141.39381745015547
51005,278.78126917047234
51007,156.490903484428
51009,75.80342070898493
51011,32.817923635216154
51013,96.81950227357032
51015,107.24109978604936
51017,49.798434906331515
51019,90.19118869492934
51021,216.23366144908826
51023,210.29731689630168
51025,186.78871845620978
51027,541.1911984207233
51029,117.8142205908472
51031,176.15424014048438
51033,255.89530966571652
51035,233.23813409492723
51036,29.14602156805596
51037,218.75529930473124
51041,258.8795574123451
51043,157.88747931605073
51045,107.59115361625823
51047,250.2728682764299
51049,180.35636679704479
51051,115.51386166339961
51053,56.28847845206684
51057,207.77541785945147
51059,152.75368782369594
51061,172.80018041128133
51063,140.23732470334411
51065,101.6594408730752
51067,525.4680173246949
51069,238.70149973639639
51071,274.415817855003
51073,167.8050879363201
51075,53.20518321462284
51077,203.71441424073004
51079,264.152845692393
51081,221.95143180433456
51083,369.4025418695807
51085,354.91847472437576
51087,317.0103873292753
51089,281.4296227053044
51091,36.596523330283624
51093,174.0142350680631
51095,121.10995850622407
51097,191.15549215406563
51099,97.00044769437397
51101,107.88186051995518
51103,276.94329703342095
51105,158.44918400828942
51107,111.3064135291892
51109,58.61221402911704
51111,144.31951669743245
51113,243.60720229989408
51115,109.95304088878707
51117,296.74473997618105
51119,101.11412789064694
51121,166.8990321472591
51125,124.20252477263472
51127,290.42730543125384
51131,116.50988176404591
51133,133.38891204668613
51135,158.356236094752
51137,83.07541944942173
51139,160.21867115222875
51141,225.46494992846922
51143,169.54776203590032
51145,112.82965808155286
51147,105.37870472008782
51149,166.05117728713233
51153,213.4896221495483
51155,501.22864671225983
51157,182.4258459824537
51159,84.84983811544043
51161,332.60795357569555
51163,322.86520818630913
51165,163.14496314496316
51167,651.7334964259776
51169,668.2060223363649
51171,307.3912042367027
51173,519.7912858519725
51175,125.00720087562648
51177,103.01027138389483
51179,273.36622510885246
51181,127.17852096090438
51183,166.06498194945848
51185,386.1013484882474
51187,288.00119688809093
51191,215.86074938232616
51193,207.09060213843554
51195,400.8348496200364
51197,192.78628763714116
51199,197.09084471719825
51510,144.8927017466011
51515,648.1481481481482
51520,734.2614266354565
51530,133.2033788174139
51540,249.5201535508637
51550,189.68021466729033
51570,1283.6508739391898
51580,323.9017125837677
51590,907.4170834266378
51595,616.0
51600,126.77710721373892
51610,179.23773987206823
51620,520.3190277250285
51630,568.8067204210384
51640,778.4810126582279
51650,421.33165131070115
51660,313.8617684373104
51670,290.7261475446329
51678,83.01674405515689
51680,535.3160752375412
51683,229.86857825567503
51685,207.36279968185434
51690,531.1959767405311
51700,423.3048911848138
51710,496.5549620489842
51720,893.4010152284263
51730,801.0104563041602
51735,101.43493320138546
51740,296.0921790384186
51750,275.8695299399578
51760,678.4818026967636
51770,482.3963429304676
51775,314.18522860492385
51790,787.3731498937066
51800,277.63810856305884
51810,292.0020131926474
51820,415.21729558363785
51830,410.29067824924823
51840,422.68004680685084
53001,164.53013021096194
53003,456.21163273417835
53005,261.99891485524074
53007,196.33711004190593
53009,217.2504083166982
53011,162.87600579369996
53013,89.08685968819599
53015,328.5068286666971
53017,107.08822029576747
53019,24.885396201702687
53021,263.4207240948814
53023,277.15690657130085
53025,238.4645211322218
53027,359.45674862425113
53029,38.62686215627392
53031,122.74368231046931
53033,150.45590556330274
53035,134.13712368416202
53037,153.34678845633672
53039,120.87171422152326
53041,307.43607082926343
53043,147.3330846698993
53045,205.6114474742417
53047,278.63556463489954
53049,80.0578949748971
53051,679.7184337879454
53053,197.24302055386548
53055,50.45233124565066
53057,233.6090627007034
53059,71.74438975556853
53061,238.17783696475266
53063,198.82713786917188
53065,98.60801658908915
53067,217.5750404481901
53069,64.89147460281943
53071,255.89711623634395
53073,152.52216152706293
53075,145.5876210744048
53077,280.86849325963334
54001,81.45896656534954
54003,103.2584336177662
54005,83.56158024232857
54007,105.94888682081752
54009,142.13373230521347
54011,250.7005983488601
54013,117.12214166201896
54015,71.72251616696062
54017,108.41076959733144
54019,180.4008384164292
54021,139.13483430306098
54023,62.407905001300165
54025,167.08655488952596
54027,107.05344038677373
54029,170.65202279994438
54031,231.0110388186271
54033,217.34590369353782
54035,70.50157839354613
54037,157.29232497717857
54039,171.788401748299
54041,183.61315475067596
54043,89.32515337423314
54045,205.4409005628518
54047,140.04969505308335
54049,155.63496526329155
54051,169.23793057587446
54053,103.33383617438527
54055,172.2132913773643
54057,113.6278406960174
54059,61.294470638662666
54061,113.24309954012482
54063,43.09018159433671
54065,103.1450794724383
54067,186.47449208094133
54069,207.8281113590067
54071,81.3362381989833
54073,20.093770931011385
54075,65.97097277198033
54077,115.95492289442467
54079,53.75568222815499
54081,205.30017994438083
54083,97.1212968138625
54085,37.52736370269989
54087,145.4228168399622
54089,51.74335296927241
54091,53.628888094386845
54093,68.09620399884092
54095,67.31868411025022
54097,117.16341212744089
54099,125.33073388107506
54101,8.59317456420329
54103,75.08305647840533
54105,17.1939477303989
54107,165.30905606133206
54109,45.206623753132526
55001,483.0965698163639
55003,558.169513374154
55005,263.6137514435462
55007,142.4008517434123
55009,340.599455040872
55011,121.77376120088842
55013,441.1764705882353
55015,207.49263823753955
55017,308.9801886337709
55019,62.894896281122875
55021,388.31057871702325
55023,312.4037217327007
55025,438.0264433655126
55027,318.0258818231188
55029,184.69465510359592
55031,536.4652308264214
55033,389.3175336590542
55035,545.0169336732753
55037,123.05549106106338
55039,366.9181683188185
55041,658.6156770658616
55043,207.2538860103627
55045,208.47849717104714
55047,457.04904141510434
55049,255.48398328690809
55051,177.33640716439083
55053,407.7242727939379
55055,352.93260650503237
55057,225.0065846408549
55059,365.73992090195384
55061,295.5350118017309
55063,592.186313391275
55065,120.70226773957572
55067,0.0
55069,330.2812295618051
55071,576.5770430685187
55073,288.91854206336114
55075,322.3721820396192
55077,198.41784463753078
55078,1241.760578354242
55079,283.5429564622388
55081,518.0254399261846
55083,233.6164245839617
55085,488.30831000650323
55087,294.73627873370975
55089,236.83945308563173
55091,115.73436208321853
55093,181.06860930875362
55095,295.34215066129957
55097,251.51472453149216
55099,218.11070998796632
55101,215.38210984894752
55103,253.50156268086582
55105,531.0840362386754
55107,134.43345899423858
55109,283.860129560805
55111,461.08791825035826
55113,299.4957778992771
55115,309.3345221289348
55117,395.2994232687221
55119,229.75327891406036
55121,222.17699535293917
55123,248.08913071641402
55125,490.12469281878583
55127,350.82811640895545
55129,215.74564723694172
55131,318.5954313762507
55133,207.44297362181607
55135,400.1257145102045
55137,267.05370101596515
55139,331.0761468498971
55141,522.07620828064
56001,366.50697985885745
56003,102.58997645475951
56005,529.9709188766873
56007,492.38852216085144
56009,164.69377251672674
56011,211.14526259521583
56013,420.59040028428564
56015,199.9550662772411
56017,511.2881806108898
56019,291.7111348274635
56021,295.52451339236467
56023,46.471249106322134
56025,476.29231717596144
56027,37.92667509481669
56029,162.45241979336595
56031,297.319442818682
56033,503.7584069629434
56035,172.36072637734685
56037,218.48504611944472
56039,0.0
56041,335.5471847739889
56043,85.91946652987946
56045,177.4891774891775
57999,
66010,
72127,0.0
