,FIPS_Code,Unemployment_rate_2019,Median_Household_Income_2019
0,1001,2.7,58233.0
1,1003,2.8,59871.0
2,1005,3.8,35972.0
3,1007,3.1,47918.0
4,1009,2.7,52902.0
5,1011,3.7,31906.0
6,1013,3.7,39944.0
7,1015,3.6,47747.0
8,1017,2.9,42015.0
9,1019,2.9,45982.0
10,1021,2.7,49692.0
11,1023,4.7,39808.0
12,1025,5.8,43822.0
13,1027,3.0,40562.0
14,1029,3.2,51276.0
15,1031,2.9,57299.0
16,1033,3.8,46683.0
17,1035,4.0,41539.0
18,1037,3.0,42024.0
19,1039,3.5,44836.0
20,1041,2.8,43309.0
21,1043,2.6,50897.0
22,1045,3.2,45120.0
23,1047,5.5,34034.0
24,1049,2.8,44277.0
25,1051,2.6,62310.0
26,1053,3.5,42712.0
27,1055,3.4,43047.0
28,1057,3.1,44212.0
29,1059,2.8,44874.0
30,1061,3.0,43089.0
31,1063,5.6,28699.0
32,1065,4.0,40745.0
33,1067,3.6,48597.0
34,1069,3.0,50138.0
35,1071,3.3,44322.0
36,1073,2.9,54127.0
37,1075,3.1,42686.0
38,1077,3.3,48188.0
39,1079,3.2,47797.0
40,1081,2.8,54160.0
41,1083,2.7,64729.0
42,1085,5.8,33930.0
43,1087,4.3,34281.0
44,1089,2.6,68609.0
45,1091,3.5,38838.0
46,1093,3.5,44675.0
47,1095,2.5,48913.0
48,1097,3.7,49492.0
49,1099,4.8,40005.0
50,1101,3.1,52711.0
51,1103,2.6,54355.0
52,1105,5.3,29572.0
53,1107,3.5,40249.0
54,1109,3.3,41271.0
55,1111,3.1,42922.0
56,1113,3.0,43670.0
57,1115,2.7,65403.0
58,1117,2.2,77801.0
59,1119,4.6,29209.0
60,1121,3.4,47719.0
61,1123,3.0,47100.0
62,1125,2.7,52307.0
63,1127,3.3,45991.0
64,1129,4.7,48864.0
65,1131,7.2,30998.0
66,1133,3.3,40827.0
67,2013,2.3,66923.0
68,2016,3.1,84726.0
69,2020,4.4,82512.0
70,2050,11.5,48262.0
71,2060,5.3,87950.0
72,2068,7.4,78434.0
73,2070,7.0,57436.0
74,2090,4.7,74076.0
75,2100,7.9,62548.0
76,2110,3.9,85419.0
77,2122,6.0,68625.0
78,2130,5.5,75706.0
79,2150,4.9,79669.0
80,2158,17.6,35369.0
81,2164,8.9,51693.0
82,2170,6.1,75856.0
83,2180,9.8,58464.0
84,2185,5.6,84784.0
85,2188,12.6,61660.0
86,2220,3.6,80660.0
87,2240,7.9,69646.0
88,2261,6.7,74574.0
89,2282,6.7,61587.0
90,2290,12.6,42063.0
91,4001,10.1,35386.0
92,4003,5.8,48650.0
93,4005,5.8,58301.0
94,4007,5.7,45980.0
95,4009,4.9,50685.0
96,4011,4.0,68066.0
97,4012,6.0,39407.0
98,4013,4.2,68634.0
99,4015,5.9,49712.0
100,4017,7.6,40676.0
101,4019,4.5,56150.0
102,4021,5.0,62067.0
103,4023,8.7,47779.0
104,4025,4.6,54242.0
105,4027,16.8,47024.0
106,5001,3.0,52539.0
107,5003,5.4,47744.0
108,5005,4.0,41950.0
109,5007,2.6,70775.0
110,5009,3.2,50083.0
111,5011,4.1,39982.0
112,5013,4.4,48415.0
113,5015,3.1,43841.0
114,5017,6.9,37014.0
115,5019,3.8,44105.0
116,5021,4.8,40686.0
117,5023,4.5,46214.0
118,5025,3.9,53773.0
119,5027,4.4,42964.0
120,5029,4.3,46924.0
121,5031,2.8,47766.0
122,5033,3.3,44600.0
123,5035,4.2,41976.0
124,5037,4.2,45273.0
125,5039,4.6,41314.0
126,5041,4.4,37005.0
127,5043,5.2,44162.0
128,5045,3.0,58482.0
129,5047,3.3,45670.0
130,5049,4.0,32926.0
131,5051,3.7,45786.0
132,5053,3.2,58566.0
133,5055,3.5,47098.0
134,5057,3.8,40867.0
135,5059,3.6,45860.0
136,5061,3.2,41427.0
137,5063,4.0,47903.0
138,5065,5.4,40233.0
139,5067,6.5,38636.0
140,5069,5.4,40555.0
141,5071,4.5,40396.0
142,5073,4.6,37164.0
143,5075,4.1,39604.0
144,5077,4.5,30421.0
145,5079,4.3,44272.0
146,5081,4.3,43257.0
147,5083,4.3,42249.0
148,5085,3.2,62782.0
149,5087,2.6,48016.0
150,5089,4.0,38760.0
151,5091,4.1,50905.0
152,5093,5.1,39990.0
153,5095,4.2,34289.0
154,5097,4.6,39591.0
155,5099,3.9,36528.0
156,5101,3.5,37648.0
157,5103,5.1,46393.0
158,5105,4.0,50560.0
159,5107,5.9,31521.0
160,5109,3.8,44426.0
161,5111,3.4,40536.0
162,5113,4.2,39722.0
163,5115,4.3,47519.0
164,5117,4.3,46205.0
165,5119,3.4,52684.0
166,5121,3.8,42875.0
167,5123,5.1,34389.0
168,5125,2.8,66944.0
169,5127,3.4,38065.0
170,5129,4.5,34712.0
171,5131,3.3,48945.0
172,5133,4.8,43493.0
173,5135,4.9,37591.0
174,5137,4.7,36930.0
175,5139,5.2,46602.0
176,5141,4.9,38096.0
177,5143,2.5,52158.0
178,5145,4.4,46388.0
179,5147,5.2,36568.0
180,5149,4.0,44469.0
181,6001,3.0,107589.0
182,6003,5.4,58112.0
183,6005,3.9,62640.0
184,6007,5.2,58394.0
185,6009,3.9,68248.0
186,6011,13.0,59048.0
187,6013,3.1,106555.0
188,6015,5.9,48979.0
189,6017,3.6,86202.0
190,6019,7.4,56926.0
191,6021,6.2,55682.0
192,6023,3.7,51134.0
193,6025,20.9,48102.0
194,6027,3.6,59605.0
195,6029,7.9,53245.0
196,6031,8.0,57297.0
197,6033,5.2,46897.0
198,6035,4.7,53613.0
199,6037,4.6,72721.0
200,6039,7.0,61105.0
201,6041,2.4,112069.0
202,6043,4.6,52760.0
203,6045,4.0,52309.0
204,6047,8.2,59733.0
205,6049,7.2,45311.0
206,6051,3.8,66226.0
207,6053,6.4,76509.0
208,6055,2.9,90230.0
209,6057,3.4,69550.0
210,6059,2.8,95761.0
211,6061,3.2,97688.0
212,6063,7.8,59376.0
213,6065,4.2,72905.0
214,6067,3.7,71891.0
215,6069,5.0,84209.0
216,6071,3.9,67398.0
217,6073,3.3,83576.0
218,6075,2.2,121795.0
219,6077,6.0,68458.0
220,6079,2.9,76599.0
221,6081,2.1,135234.0
222,6083,3.7,74530.0
223,6085,2.5,132444.0
224,6087,5.0,85770.0
225,6089,4.8,61464.0
226,6091,5.4,55862.0
227,6093,6.6,45954.0
228,6095,3.8,85704.0
229,6097,2.7,87084.0
230,6099,6.2,62761.0
231,6101,7.5,60910.0
232,6103,5.7,51672.0
233,6105,5.6,43881.0
234,6107,9.9,56776.0
235,6109,4.6,64729.0
236,6111,3.7,91446.0
237,6113,4.2,70951.0
238,6115,6.2,56607.0
239,8001,2.8,75341.0
240,8003,3.4,38213.0
241,8005,2.6,82364.0
242,8007,3.0,57604.0
243,8009,1.6,38945.0
244,8011,2.7,35764.0
245,8013,2.3,88341.0
246,8014,2.4,106892.0
247,8015,2.3,60331.0
248,8017,1.6,52337.0
249,8019,2.4,79900.0
250,8021,3.5,40944.0
251,8023,3.8,34731.0
252,8025,4.1,38224.0
253,8027,2.9,57381.0
254,8029,3.2,51525.0
255,8031,2.6,75456.0
256,8033,2.9,50232.0
257,8035,2.3,123697.0
258,8037,2.2,89268.0
259,8039,2.1,101733.0
260,8041,3.2,72675.0
261,8043,4.4,52239.0
262,8045,2.6,73788.0
263,8047,2.2,74806.0
264,8049,2.1,71029.0
265,8051,2.1,60408.0
266,8053,3.4,61391.0
267,8055,5.5,39955.0
268,8057,2.2,53577.0
269,8059,2.4,89696.0
270,8061,1.5,46901.0
271,8063,1.6,42951.0
272,8065,2.3,56850.0
273,8067,2.4,77829.0
274,8069,2.3,75332.0
275,8071,3.8,43452.0
276,8073,2.2,43077.0
277,8075,2.3,58429.0
278,8077,3.3,60249.0
279,8079,2.3,63015.0
280,8081,3.3,63232.0
281,8083,4.1,52641.0
282,8085,3.0,50707.0
283,8087,2.5,57535.0
284,8089,3.9,43723.0
285,8091,2.8,72836.0
286,8093,2.4,77221.0
287,8095,1.5,53432.0
288,8097,3.0,92820.0
289,8099,2.5,47051.0
290,8101,3.9,51075.0
291,8103,3.5,65960.0
292,8105,4.0,48496.0
293,8107,2.1,87691.0
294,8109,3.9,37004.0
295,8111,2.9,50524.0
296,8113,2.7,77209.0
297,8115,1.9,42808.0
298,8117,1.7,86570.0
299,8119,3.0,70599.0
300,8121,1.9,53263.0
301,8123,2.5,78160.0
302,8125,1.5,52841.0
303,9001,3.5,96966.0
304,9003,3.7,75336.0
305,9005,3.3,81015.0
306,9007,3.1,81721.0
307,9009,3.8,69687.0
308,9011,3.5,75226.0
309,9013,3.1,90181.0
310,9015,3.9,63309.0
311,10001,4.1,58804.0
312,10003,3.5,76076.0
313,10005,3.7,64839.0
314,11001,5.4,90395.0
315,12001,3.1,49880.0
316,12003,3.3,60454.0
317,12005,3.9,58376.0
318,12007,3.4,47509.0
319,12009,3.4,57582.0
320,12011,3.2,61429.0
321,12013,4.1,41399.0
322,12015,3.9,54756.0
323,12017,5.1,49762.0
324,12019,3.2,75776.0
325,12021,3.3,76415.0
326,12023,3.4,47087.0
327,12027,3.7,41673.0
328,12029,4.0,39793.0
329,12031,3.5,58339.0
330,12033,3.4,52822.0
331,12035,4.0,62831.0
332,12037,3.8,47504.0
333,12039,4.3,42975.0
334,12041,3.6,46171.0
335,12043,4.1,45412.0
336,12045,5.0,53228.0
337,12047,4.3,39241.0
338,12049,5.3,41430.0
339,12051,6.3,45107.0
340,12053,4.4,50705.0
341,12055,4.8,45723.0
342,12057,3.3,61133.0
343,12059,3.7,38874.0
344,12061,4.0,61173.0
345,12063,3.7,40543.0
346,12065,3.5,47192.0
347,12067,3.1,45480.0
348,12069,3.4,57660.0
349,12071,3.3,62364.0
350,12073,3.3,55081.0
351,12075,3.9,41405.0
352,12077,3.7,44236.0
353,12079,4.0,37919.0
354,12081,3.3,64151.0
355,12083,4.0,49079.0
356,12085,3.3,70806.0
357,12086,2.6,54991.0
358,12087,2.1,67528.0
359,12089,3.1,72818.0
360,12091,2.8,63520.0
361,12093,3.7,45225.0
362,12095,3.1,63133.0
363,12097,3.5,52270.0
364,12099,3.4,66621.0
365,12101,3.7,55745.0
366,12103,3.2,56708.0
367,12105,3.9,51817.0
368,12107,4.5,41986.0
369,12109,2.8,90839.0
370,12111,4.1,57292.0
371,12113,3.1,66139.0
372,12115,3.3,66258.0
373,12117,3.1,69954.0
374,12119,4.9,63464.0
375,12121,3.5,49453.0
376,12123,3.8,42987.0
377,12125,3.1,50893.0
378,12127,3.6,53554.0
379,12129,3.0,58640.0
380,12131,3.0,62600.0
381,12133,3.6,42518.0
382,13001,4.0,43821.0
383,13003,3.2,38581.0
384,13005,3.7,41807.0
385,13007,4.7,39515.0
386,13009,4.3,44429.0
387,13011,2.8,53481.0
388,13013,2.9,68924.0
389,13015,3.4,60254.0
390,13017,5.6,35931.0
391,13019,4.1,42058.0
392,13021,4.0,43066.0
393,13023,5.2,48115.0
394,13025,4.2,44680.0
395,13027,3.5,39554.0
396,13029,3.0,79296.0
397,13031,3.9,48788.0
398,13033,5.3,42632.0
399,13035,3.4,47410.0
400,13037,3.7,34960.0
401,13039,3.7,58552.0
402,13043,3.0,41665.0
403,13045,3.6,59193.0
404,13047,3.1,60753.0
405,13049,3.9,42891.0
406,13051,3.4,57122.0
407,13053,4.6,46106.0
408,13055,5.1,41561.0
409,13057,2.8,88635.0
410,13059,3.7,41036.0
411,13061,7.0,24732.0
412,13063,4.4,50737.0
413,13065,3.8,42928.0
414,13067,3.1,79622.0
415,13069,4.0,41675.0
416,13071,3.2,41899.0
417,13073,3.1,88285.0
418,13075,3.4,40670.0
419,13077,3.0,79232.0
420,13079,3.7,50411.0
421,13081,3.9,40482.0
422,13083,3.4,45986.0
423,13085,2.9,69155.0
424,13087,3.8,40473.0
425,13089,3.6,63606.0
426,13091,5.5,41118.0
427,13093,3.8,37109.0
428,13095,4.7,36894.0
429,13097,3.7,62915.0
430,13099,4.0,40011.0
431,13101,2.8,40408.0
432,13103,2.9,71628.0
433,13105,4.0,40962.0
434,13107,5.4,38529.0
435,13109,3.4,41425.0
436,13111,3.4,47980.0
437,13113,3.1,94563.0
438,13115,4.0,50520.0
439,13117,2.8,113332.0
440,13119,3.6,47691.0
441,13121,3.6,79235.0
442,13123,3.6,57007.0
443,13125,3.8,49350.0
444,13127,3.5,58017.0
445,13129,3.5,53373.0
446,13131,3.4,42603.0
447,13133,3.9,60973.0
448,13135,3.1,72225.0
449,13137,3.5,51296.0
450,13139,2.9,66698.0
451,13141,5.7,31715.0
452,13143,3.4,49020.0
453,13145,3.1,74052.0
454,13147,3.6,50647.0
455,13149,3.4,48984.0
456,13151,3.7,72927.0
457,13153,3.4,65641.0
458,13155,4.7,42317.0
459,13157,2.7,66645.0
460,13159,3.2,59207.0
461,13161,4.7,40603.0
462,13163,4.9,35379.0
463,13165,5.2,32808.0
464,13167,3.7,37771.0
465,13169,3.3,56819.0
466,13171,4.0,57402.0
467,13173,4.1,42667.0
468,13175,4.6,42018.0
469,13177,3.1,72425.0
470,13179,3.9,51410.0
471,13181,3.9,45299.0
472,13183,3.8,52051.0
473,13185,3.6,46450.0
474,13187,3.3,57078.0
475,13189,5.3,44473.0
476,13191,3.7,46682.0
477,13193,4.7,34634.0
478,13195,3.2,52326.0
479,13197,4.3,41190.0
480,13199,4.7,43571.0
481,13201,3.3,41769.0
482,13205,4.6,37383.0
483,13207,3.3,70488.0
484,13209,5.2,43657.0
485,13211,3.2,67089.0
486,13213,5.2,50061.0
487,13215,4.7,47035.0
488,13217,4.0,58222.0
489,13219,2.6,100878.0
490,13221,3.3,54346.0
491,13223,3.0,76580.0
492,13225,4.2,49815.0
493,13227,3.1,66183.0
494,13229,3.5,46701.0
495,13231,3.1,74905.0
496,13233,3.7,47896.0
497,13235,4.0,42274.0
498,13237,4.4,62282.0
499,13239,5.2,35522.0
500,13241,3.6,46639.0
501,13243,4.9,33505.0
502,13245,4.7,44810.0
503,13247,3.9,60281.0
504,13249,3.9,51129.0
505,13251,5.5,42331.0
506,13253,4.3,38618.0
507,13255,4.1,49237.0
508,13257,3.9,45416.0
509,13259,4.4,34566.0
510,13261,4.9,40250.0
511,13263,4.5,41045.0
512,13265,5.1,37046.0
513,13267,3.9,41457.0
514,13269,4.2,28234.0
515,13271,9.4,36264.0
516,13273,5.1,37122.0
517,13275,4.0,47978.0
518,13277,3.4,47764.0
519,13279,5.0,41442.0
520,13281,4.9,49023.0
521,13283,5.3,37478.0
522,13285,3.2,47296.0
523,13287,3.8,35400.0
524,13289,5.7,44079.0
525,13291,3.2,57049.0
526,13293,3.6,40926.0
527,13295,3.7,47548.0
528,13297,3.2,67007.0
529,13299,3.8,37642.0
530,13301,4.8,37313.0
531,13303,4.2,41674.0
532,13305,4.1,47382.0
533,13307,5.0,41547.0
534,13309,7.4,35927.0
535,13311,2.8,54786.0
536,13313,4.6,53115.0
537,13315,4.5,38261.0
538,13317,4.7,39716.0
539,13319,3.8,43902.0
540,13321,3.9,43142.0
541,15001,3.1,64929.0
542,15003,2.3,86946.0
543,15007,2.4,73029.0
544,15009,2.4,77375.0
545,16001,2.4,72295.0
546,16003,6.5,50042.0
547,16005,2.7,53306.0
548,16007,2.8,54550.0
549,16009,5.0,49303.0
550,16011,2.5,59959.0
551,16013,2.5,75778.0
552,16015,4.1,64443.0
553,16017,4.0,56729.0
554,16019,2.3,65165.0
555,16021,4.2,50709.0
556,16023,2.5,51742.0
557,16025,2.6,56014.0
558,16027,3.0,58670.0
559,16029,2.5,61518.0
560,16031,2.3,53284.0
561,16033,3.5,48726.0
562,16035,6.4,49816.0
563,16037,4.0,49055.0
564,16039,3.1,47796.0
565,16041,2.2,55421.0
566,16043,2.2,56162.0
567,16045,3.1,53733.0
568,16047,2.5,50205.0
569,16049,4.3,48866.0
570,16051,2.2,63078.0
571,16053,2.5,56320.0
572,16055,3.4,62764.0
573,16057,2.5,54999.0
574,16059,4.5,46062.0
575,16061,5.2,45342.0
576,16063,3.4,50608.0
577,16065,1.7,46177.0
578,16067,2.4,56173.0
579,16069,2.7,67645.0
580,16071,2.2,55833.0
581,16073,3.2,48395.0
582,16075,3.4,53643.0
583,16077,2.9,50981.0
584,16079,5.6,39239.0
585,16081,2.1,73637.0
586,16083,2.7,56141.0
587,16085,3.7,64041.0
588,16087,3.9,45813.0
589,17001,3.3,55942.0
590,17003,6.1,37408.0
591,17005,3.7,53447.0
592,17007,5.4,72426.0
593,17009,2.4,60254.0
594,17011,4.5,57935.0
595,17013,4.4,63373.0
596,17015,3.9,56468.0
597,17017,4.0,51011.0
598,17019,3.6,53485.0
599,17021,4.6,51573.0
600,17023,4.5,58323.0
601,17025,4.3,49377.0
602,17027,3.0,67201.0
603,17029,3.8,50467.0
604,17031,4.0,69375.0
605,17033,4.1,50352.0
606,17035,3.3,53991.0
607,17037,3.9,64676.0
608,17039,4.2,59521.0
609,17041,3.4,64283.0
610,17043,3.1,96354.0
611,17045,4.1,51333.0
612,17047,4.1,54930.0
613,17049,3.1,58943.0
614,17051,4.2,48913.0
615,17053,4.1,55369.0
616,17055,5.2,43695.0
617,17057,5.3,50461.0
618,17059,4.8,46515.0
619,17061,4.1,52116.0
620,17063,4.7,83135.0
621,17065,3.7,51031.0
622,17067,4.5,53724.0
623,17069,6.3,44573.0
624,17071,4.5,55535.0
625,17073,4.6,61680.0
626,17075,4.0,51542.0
627,17077,3.6,37308.0
628,17079,4.1,59980.0
629,17081,4.4,50531.0
630,17083,4.2,63351.0
631,17085,3.9,62522.0
632,17087,5.8,55022.0
633,17089,4.3,84311.0
634,17091,4.8,60763.0
635,17093,3.5,105586.0
636,17095,4.7,43404.0
637,17097,3.9,92638.0
638,17099,5.1,59528.0
639,17101,5.3,47114.0
640,17103,3.8,57619.0
641,17105,3.9,54422.0
642,17107,4.2,53806.0
643,17109,4.4,49048.0
644,17111,3.5,89379.0
645,17113,3.6,69230.0
646,17115,5.0,52259.0
647,17117,4.1,54174.0
648,17119,3.7,66591.0
649,17121,4.2,52291.0
650,17123,4.6,63628.0
651,17125,5.1,51967.0
652,17127,5.3,54159.0
653,17129,3.7,77306.0
654,17131,4.8,62241.0
655,17133,2.9,90904.0
656,17135,5.0,51665.0
657,17137,3.8,55937.0
658,17139,3.2,65472.0
659,17141,4.6,63565.0
660,17143,4.9,57717.0
661,17145,4.9,56880.0
662,17147,3.4,72265.0
663,17149,4.2,54309.0
664,17151,5.3,46478.0
665,17153,6.4,38506.0
666,17155,4.9,74367.0
667,17157,3.5,58444.0
668,17159,3.9,49775.0
669,17161,4.8,57772.0
670,17163,4.2,57726.0
671,17165,5.1,48547.0
672,17167,3.9,61768.0
673,17169,4.0,56015.0
674,17171,4.6,61231.0
675,17173,3.7,61376.0
676,17175,5.5,54804.0
677,17177,4.2,51786.0
678,17179,4.2,66206.0
679,17181,5.4,51575.0
680,17183,4.9,46295.0
681,17185,4.0,54249.0
682,17187,3.9,53621.0
683,17189,2.5,64297.0
684,17191,4.6,51829.0
685,17193,3.7,51388.0
686,17195,4.1,50880.0
687,17197,4.0,90249.0
688,17199,4.1,56958.0
689,17201,5.4,59510.0
690,17203,3.6,77117.0
691,18001,2.6,53532.0
692,18003,3.1,56838.0
693,18005,2.4,71181.0
694,18007,3.1,55016.0
695,18009,3.8,46811.0
696,18011,2.4,84137.0
697,18013,3.0,59617.0
698,18015,3.0,58965.0
699,18017,3.4,51777.0
700,18019,3.2,59441.0
701,18021,3.6,54349.0
702,18023,2.6,55336.0
703,18025,4.0,44332.0
704,18027,2.5,56611.0
705,18029,3.5,71351.0
706,18031,2.7,60891.0
707,18033,2.8,59714.0
708,18035,3.8,45912.0
709,18037,2.3,63869.0
710,18039,3.0,55782.0
711,18041,4.6,48499.0
712,18043,3.1,64614.0
713,18045,3.4,55337.0
714,18047,3.3,67315.0
715,18049,3.1,55011.0
716,18051,2.5,61872.0
717,18053,3.6,47509.0
718,18055,4.0,51918.0
719,18057,2.5,107710.0
720,18059,2.8,77905.0
721,18061,3.1,64270.0
722,18063,2.6,85827.0
723,18065,3.2,49293.0
724,18067,3.9,54048.0
725,18069,3.2,54565.0
726,18071,2.6,59472.0
727,18073,3.6,65352.0
728,18075,2.9,49447.0
729,18077,3.3,53378.0
730,18079,3.2,55022.0
731,18081,2.6,74427.0
732,18083,3.0,48760.0
733,18085,2.7,64677.0
734,18087,2.7,70746.0
735,18089,4.8,57280.0
736,18091,4.2,56427.0
737,18093,3.5,56261.0
738,18095,3.6,54145.0
739,18097,3.2,50707.0
740,18099,3.0,53695.0
741,18101,2.6,56735.0
742,18103,3.8,53658.0
743,18105,3.2,53113.0
744,18107,3.0,54366.0
745,18109,3.0,63414.0
746,18111,4.1,61457.0
747,18113,3.0,60980.0
748,18115,3.4,58294.0
749,18117,3.3,47931.0
750,18119,3.9,53387.0
751,18121,3.7,51554.0
752,18123,3.2,53908.0
753,18125,3.2,52378.0
754,18127,3.7,74064.0
755,18129,2.7,68435.0
756,18131,3.0,52432.0
757,18133,3.4,64098.0
758,18135,3.6,50496.0
759,18137,3.1,61219.0
760,18139,2.6,54371.0
761,18141,3.5,53881.0
762,18143,3.5,50571.0
763,18145,2.8,59798.0
764,18147,3.0,59183.0
765,18149,4.2,54001.0
766,18151,2.6,59444.0
767,18153,4.2,53375.0
768,18155,3.2,52482.0
769,18157,2.9,51228.0
770,18159,2.6,69960.0
771,18161,3.2,53866.0
772,18163,3.0,51603.0
773,18165,5.2,50723.0
774,18167,4.3,48082.0
775,18169,3.0,59874.0
776,18171,2.9,64109.0
777,18173,2.8,79644.0
778,18175,3.2,51948.0
779,18177,3.5,47885.0
780,18179,2.7,61636.0
781,18181,2.6,58295.0
782,18183,2.9,67347.0
783,19001,2.3,57977.0
784,19003,1.7,53385.0
785,19005,3.5,56240.0
786,19007,3.6,41672.0
787,19009,2.5,53197.0
788,19011,3.0,70023.0
789,19013,3.2,60010.0
790,19015,2.4,63975.0
791,19017,2.3,67229.0
792,19019,2.8,67906.0
793,19021,2.1,57048.0
794,19023,3.2,57080.0
795,19025,2.6,57007.0
796,19027,2.0,61379.0
797,19029,2.8,53692.0
798,19031,2.5,71029.0
799,19033,2.8,54589.0
800,19035,2.5,59901.0
801,19037,2.9,60111.0
802,19039,2.9,57708.0
803,19041,2.8,57174.0
804,19043,3.7,53223.0
805,19045,3.8,56865.0
806,19047,3.6,58077.0
807,19049,2.0,97535.0
808,19051,2.9,57150.0
809,19053,2.2,44873.0
810,19055,2.4,70091.0
811,19057,4.0,53547.0
812,19059,2.9,66211.0
813,19061,2.7,62481.0
814,19063,2.6,55635.0
815,19065,3.6,53142.0
816,19067,3.6,55369.0
817,19069,2.4,55847.0
818,19071,2.7,60498.0
819,19073,2.4,55562.0
820,19075,2.8,73683.0
821,19077,3.0,64965.0
822,19079,2.9,63234.0
823,19081,2.4,62030.0
824,19083,3.2,57103.0
825,19085,2.5,63901.0
826,19087,2.7,57747.0
827,19089,2.8,58028.0
828,19091,2.7,56695.0
829,19093,2.0,58249.0
830,19095,2.2,66861.0
831,19097,3.2,57687.0
832,19099,3.0,67317.0
833,19101,2.5,51741.0
834,19103,2.0,67295.0
835,19105,3.2,63399.0
836,19107,3.3,54937.0
837,19109,2.2,59568.0
838,19111,4.0,51089.0
839,19113,2.9,64783.0
840,19115,3.1,60544.0
841,19117,2.1,53085.0
842,19119,1.7,66139.0
843,19121,3.7,72578.0
844,19123,2.5,59242.0
845,19125,2.2,66381.0
846,19127,4.5,55631.0
847,19129,2.4,72679.0
848,19131,1.7,61247.0
849,19133,3.0,53104.0
850,19135,3.1,56397.0
851,19137,2.7,52715.0
852,19139,2.9,61767.0
853,19141,2.2,60298.0
854,19143,1.9,60702.0
855,19145,2.6,52179.0
856,19147,2.2,55074.0
857,19149,2.3,69165.0
858,19151,1.9,56146.0
859,19153,2.9,67331.0
860,19155,2.5,60322.0
861,19157,2.7,57741.0
862,19159,2.9,50890.0
863,19161,2.4,59392.0
864,19163,3.4,65724.0
865,19165,2.1,60498.0
866,19167,1.9,71566.0
867,19169,1.8,64151.0
868,19171,3.1,56281.0
869,19173,1.9,51510.0
870,19175,3.2,52914.0
871,19177,2.7,50425.0
872,19179,3.7,50533.0
873,19181,2.6,79557.0
874,19183,2.5,63230.0
875,19185,2.6,49962.0
876,19187,3.1,53344.0
877,19189,2.8,50258.0
878,19191,2.9,65482.0
879,19193,2.7,58419.0
880,19195,2.8,60139.0
881,19197,2.6,54251.0
882,20001,3.5,46690.0
883,20003,3.3,51352.0
884,20005,5.2,51860.0
885,20007,2.5,50660.0
886,20009,3.1,50754.0
887,20011,4.2,47452.0
888,20013,3.1,47558.0
889,20015,3.2,66199.0
890,20017,2.7,51022.0
891,20019,3.8,43664.0
892,20021,3.4,47682.0
893,20023,2.4,47323.0
894,20025,2.3,59085.0
895,20027,3.2,52781.0
896,20029,3.2,46299.0
897,20031,4.5,62715.0
898,20033,2.6,47854.0
899,20035,3.3,51537.0
900,20037,3.8,42723.0
901,20039,3.0,46878.0
902,20041,3.5,58066.0
903,20043,3.3,52596.0
904,20045,2.9,62559.0
905,20047,2.5,49047.0
906,20049,3.7,41930.0
907,20051,2.3,51237.0
908,20053,2.8,56988.0
909,20055,2.3,57412.0
910,20057,2.5,54604.0
911,20059,3.3,55984.0
912,20061,4.3,58978.0
913,20063,2.1,52986.0
914,20065,3.0,48912.0
915,20067,2.8,65178.0
916,20069,2.0,69077.0
917,20071,2.2,58492.0
918,20073,3.2,44876.0
919,20075,1.9,55857.0
920,20077,2.5,47540.0
921,20079,2.9,62961.0
922,20081,2.2,62477.0
923,20083,2.4,58360.0
924,20085,2.9,60615.0
925,20087,3.1,68549.0
926,20089,2.8,46017.0
927,20091,2.8,91913.0
928,20093,2.3,67301.0
929,20095,3.2,56907.0
930,20097,2.3,49588.0
931,20099,4.0,44170.0
932,20101,2.6,60315.0
933,20103,3.4,75840.0
934,20105,2.3,47557.0
935,20107,6.0,62876.0
936,20109,2.0,53538.0
937,20111,3.4,49840.0
938,20113,2.2,65834.0
939,20115,2.9,51771.0
940,20117,2.8,55858.0
941,20119,2.3,64640.0
942,20121,3.3,74428.0
943,20123,2.3,51979.0
944,20125,4.1,44240.0
945,20127,2.7,54775.0
946,20129,2.9,56175.0
947,20131,2.7,63373.0
948,20133,4.6,49533.0
949,20135,2.5,54727.0
950,20137,2.2,49739.0
951,20139,3.6,55655.0
952,20141,2.0,46351.0
953,20143,2.7,58729.0
954,20145,2.8,65141.0
955,20147,2.6,51546.0
956,20149,2.8,73685.0
957,20151,2.5,53980.0
958,20153,2.2,50768.0
959,20155,3.2,53371.0
960,20157,2.5,47082.0
961,20159,2.8,56350.0
962,20161,2.8,51996.0
963,20163,3.5,49485.0
964,20165,2.8,53189.0
965,20167,2.9,46112.0
966,20169,3.0,56741.0
967,20171,1.9,62914.0
968,20173,3.5,60014.0
969,20175,3.1,55727.0
970,20177,3.3,59451.0
971,20179,2.2,54627.0
972,20181,2.7,54000.0
973,20183,2.5,45915.0
974,20185,2.7,51007.0
975,20187,2.5,63401.0
976,20189,2.6,61264.0
977,20191,3.4,53618.0
978,20193,2.2,58652.0
979,20195,2.8,52597.0
980,20197,3.2,66168.0
981,20199,2.6,54714.0
982,20201,2.6,46263.0
983,20203,2.0,54009.0
984,20205,3.9,46243.0
985,20207,4.2,43751.0
986,20209,4.3,47292.0
987,21001,5.2,37650.0
988,21003,4.0,47307.0
989,21005,3.6,61308.0
990,21007,5.5,48053.0
991,21009,4.3,44859.0
992,21011,6.0,42248.0
993,21013,6.2,30940.0
994,21015,3.3,78806.0
995,21017,3.7,47046.0
996,21019,5.4,50017.0
997,21021,4.5,53644.0
998,21023,4.7,53289.0
999,21025,7.2,33407.0
1000,21027,5.1,46069.0
1001,21029,4.0,66335.0
1002,21031,4.6,46305.0
1003,21033,4.8,44144.0
1004,21035,4.0,45574.0
1005,21037,3.3,66520.0
1006,21039,4.0,49659.0
1007,21041,3.8,51672.0
1008,21043,8.0,43492.0
1009,21045,4.1,34751.0
1010,21047,5.4,46390.0
1011,21049,3.8,55428.0
1012,21051,6.7,30175.0
1013,21053,5.3,34005.0
1014,21055,4.7,44595.0
1015,21057,4.0,34897.0
1016,21059,3.8,52620.0
1017,21061,4.8,47482.0
1018,21063,7.9,34262.0
1019,21065,4.8,35004.0
1020,21067,3.2,58981.0
1021,21069,5.2,43943.0
1022,21071,6.1,35828.0
1023,21073,3.6,58917.0
1024,21075,5.5,34376.0
1025,21077,3.8,55273.0
1026,21079,4.5,51757.0
1027,21081,4.0,55210.0
1028,21083,4.4,48038.0
1029,21085,4.8,43771.0
1030,21087,4.2,38896.0
1031,21089,6.3,52179.0
1032,21091,3.7,60626.0
1033,21093,4.0,57711.0
1034,21095,9.1,30050.0
1035,21097,4.1,51475.0
1036,21099,4.6,42718.0
1037,21101,3.7,53199.0
1038,21103,3.5,51806.0
1039,21105,4.7,52331.0
1040,21107,4.4,48769.0
1041,21109,6.2,34940.0
1042,21111,3.9,59025.0
1043,21113,3.5,62533.0
1044,21115,6.3,31202.0
1045,21117,3.4,68692.0
1046,21119,6.6,32613.0
1047,21121,5.7,31634.0
1048,21123,4.3,49785.0
1049,21125,4.7,44033.0
1050,21127,6.7,38055.0
1051,21129,5.5,30905.0
1052,21131,7.9,32202.0
1053,21133,7.1,32435.0
1054,21135,8.5,37410.0
1055,21137,4.8,43220.0
1056,21139,5.5,50521.0
1057,21141,3.9,48902.0
1058,21143,4.6,52978.0
1059,21145,4.8,48219.0
1060,21147,5.8,32701.0
1061,21149,4.3,51184.0
1062,21151,3.7,50316.0
1063,21153,10.6,32045.0
1064,21155,3.7,48062.0
1065,21157,4.5,57945.0
1066,21159,6.8,34291.0
1067,21161,5.5,47861.0
1068,21163,4.5,54946.0
1069,21165,6.7,37457.0
1070,21167,4.5,55267.0
1071,21169,4.6,38978.0
1072,21171,3.8,36512.0
1073,21173,5.1,52903.0
1074,21175,5.2,37433.0
1075,21177,5.9,45049.0
1076,21179,4.4,64795.0
1077,21181,4.3,38084.0
1078,21183,4.9,47542.0
1079,21185,3.1,101152.0
1080,21187,4.4,51494.0
1081,21189,7.0,28727.0
1082,21191,3.7,58962.0
1083,21193,5.8,38000.0
1084,21195,5.5,36875.0
1085,21197,5.1,41760.0
1086,21199,4.5,43568.0
1087,21201,5.2,47017.0
1088,21203,4.6,40790.0
1089,21205,5.1,44068.0
1090,21207,5.5,44056.0
1091,21209,3.3,74719.0
1092,21211,3.3,71737.0
1093,21213,4.4,52931.0
1094,21215,3.4,79863.0
1095,21217,4.1,48485.0
1096,21219,3.8,47742.0
1097,21221,4.6,49955.0
1098,21223,4.2,58998.0
1099,21225,4.4,49870.0
1100,21227,3.8,53238.0
1101,21229,3.8,51286.0
1102,21231,5.5,34449.0
1103,21233,3.9,49079.0
1104,21235,4.9,38191.0
1105,21237,6.9,32773.0
1106,21239,3.0,67815.0
1107,22001,5.1,44728.0
1108,22003,5.4,47111.0
1109,22005,4.0,83072.0
1110,22007,5.8,51763.0
1111,22009,5.6,38316.0
1112,22011,5.0,55343.0
1113,22013,5.7,37198.0
1114,22015,4.1,54080.0
1115,22017,5.2,45613.0
1116,22019,3.9,53050.0
1117,22021,5.9,44007.0
1118,22023,3.6,60317.0
1119,22025,6.2,36794.0
1120,22027,5.4,36497.0
1121,22029,6.2,36276.0
1122,22031,5.8,47347.0
1123,22033,4.3,56303.0
1124,22035,10.2,29943.0
1125,22037,4.5,50041.0
1126,22039,5.7,35146.0
1127,22041,7.0,35484.0
1128,22043,5.6,49544.0
1129,22045,5.2,47731.0
1130,22047,5.7,55198.0
1131,22049,4.6,43232.0
1132,22051,4.0,55909.0
1133,22053,4.5,47988.0
1134,22055,4.2,60053.0
1135,22057,4.3,54145.0
1136,22059,4.1,51014.0
1137,22061,5.2,41608.0
1138,22063,3.9,63852.0
1139,22065,7.7,32229.0
1140,22067,8.0,34922.0
1141,22069,5.8,49536.0
1142,22071,4.7,45092.0
1143,22073,5.1,43235.0
1144,22075,4.2,60795.0
1145,22077,5.2,48011.0
1146,22079,4.9,49687.0
1147,22081,4.9,39806.0
1148,22083,6.0,39586.0
1149,22085,4.9,45486.0
1150,22087,4.7,45806.0
1151,22089,4.2,71579.0
1152,22091,5.9,43376.0
1153,22093,5.8,57250.0
1154,22095,5.4,54944.0
1155,22097,6.0,39599.0
1156,22099,4.9,47247.0
1157,22101,5.7,40918.0
1158,22103,4.0,71526.0
1159,22105,5.3,47860.0
1160,22107,8.0,31436.0
1161,22109,4.5,51719.0
1162,22111,5.6,44617.0
1163,22113,4.9,50193.0
1164,22115,5.8,51652.0
1165,22117,5.7,35505.0
1166,22119,5.9,38386.0
1167,22121,4.4,65344.0
1168,22123,10.3,42614.0
1169,22125,3.9,65296.0
1170,22127,6.1,43166.0
1171,23001,2.7,58958.0
1172,23003,4.1,40675.0
1173,23005,2.2,75254.0
1174,23007,3.4,51136.0
1175,23009,3.1,58926.0
1176,23011,2.6,55358.0
1177,23013,2.6,55910.0
1178,23015,2.6,58619.0
1179,23017,3.2,50344.0
1180,23019,3.0,50702.0
1181,23021,3.4,43509.0
1182,23023,2.1,65841.0
1183,23025,4.0,45333.0
1184,23027,2.9,51073.0
1185,23029,4.2,39068.0
1186,23031,2.4,66803.0
1187,24001,5.1,48170.0
1188,24003,3.0,100916.0
1189,24005,3.6,76972.0
1190,24009,3.1,111056.0
1191,24011,3.5,60143.0
1192,24013,2.8,101810.0
1193,24015,3.9,75307.0
1194,24017,3.5,102510.0
1195,24019,4.5,48709.0
1196,24021,3.1,102951.0
1197,24023,4.3,59253.0
1198,24025,3.2,91492.0
1199,24027,2.7,121329.0
1200,24029,3.9,65615.0
1201,24031,2.9,110012.0
1202,24033,3.7,85357.0
1203,24035,3.0,101350.0
1204,24037,3.3,89123.0
1205,24039,6.0,38731.0
1206,24041,3.4,75714.0
1207,24043,3.8,59785.0
1208,24045,4.6,54351.0
1209,24047,7.2,65821.0
1210,24510,5.0,49780.0
1211,25001,4.0,82686.0
1212,25003,3.7,58805.0
1213,25005,3.9,69857.0
1214,25007,4.3,76036.0
1215,25009,3.1,83253.0
1216,25011,2.8,60143.0
1217,25013,4.3,59918.0
1218,25015,2.8,74142.0
1219,25017,2.4,106543.0
1220,25019,4.4,96030.0
1221,25021,2.6,106851.0
1222,25023,3.1,90584.0
1223,25025,2.7,75843.0
1224,25027,3.3,77795.0
1225,26001,6.2,41491.0
1226,26003,7.6,52285.0
1227,26005,3.1,66568.0
1228,26007,4.6,43676.0
1229,26009,5.0,58317.0
1230,26011,6.4,44017.0
1231,26013,6.2,48371.0
1232,26015,3.2,67703.0
1233,26017,4.5,50130.0
1234,26019,5.0,56934.0
1235,26021,3.9,50659.0
1236,26023,3.8,52255.0
1237,26025,4.0,50205.0
1238,26027,4.1,55029.0
1239,26029,4.6,58831.0
1240,26031,8.5,47876.0
1241,26033,6.1,49610.0
1242,26035,5.9,42480.0
1243,26037,2.9,72666.0
1244,26039,5.5,49114.0
1245,26041,5.1,48880.0
1246,26043,4.1,53751.0
1247,26045,3.3,65891.0
1248,26047,5.3,59456.0
1249,26049,4.9,50554.0
1250,26051,5.6,46458.0
1251,26053,5.0,39030.0
1252,26055,3.4,65041.0
1253,26057,4.3,51046.0
1254,26059,4.1,50015.0
1255,26061,4.7,45006.0
1256,26063,4.3,49126.0
1257,26065,3.4,54704.0
1258,26067,3.3,59582.0
1259,26069,5.8,43605.0
1260,26071,5.4,46814.0
1261,26073,3.7,46677.0
1262,26075,3.7,56001.0
1263,26077,3.2,56739.0
1264,26079,5.5,47620.0
1265,26081,2.8,66560.0
1266,26083,6.7,47318.0
1267,26085,6.2,38044.0
1268,26087,5.5,66415.0
1269,26089,3.7,72888.0
1270,26091,3.8,55466.0
1271,26093,3.4,87827.0
1272,26095,6.2,45464.0
1273,26097,9.0,44986.0
1274,26099,4.3,65051.0
1275,26101,5.4,50047.0
1276,26103,4.8,54913.0
1277,26105,4.8,49869.0
1278,26107,4.6,47705.0
1279,26109,3.9,49189.0
1280,26111,3.7,69859.0
1281,26113,4.7,51317.0
1282,26115,3.8,64341.0
1283,26117,4.0,52089.0
1284,26119,8.2,40126.0
1285,26121,4.2,50730.0
1286,26123,4.1,51772.0
1287,26125,3.5,81257.0
1288,26127,5.8,52319.0
1289,26129,6.5,41347.0
1290,26131,6.7,45531.0
1291,26133,4.0,47343.0
1292,26135,6.9,44594.0
1293,26137,4.9,52392.0
1294,26139,2.7,69827.0
1295,26141,7.4,47339.0
1296,26143,7.3,42546.0
1297,26145,4.7,48471.0
1298,26147,5.0,60208.0
1299,26149,4.1,54024.0
1300,26151,4.6,49917.0
1301,26153,6.9,50256.0
1302,26155,4.2,55633.0
1303,26157,5.0,52342.0
1304,26159,4.4,58733.0
1305,26161,2.8,76728.0
1306,26163,5.2,50753.0
1307,26165,4.4,53146.0
1308,27001,6.0,51936.0
1309,27003,3.0,83363.0
1310,27005,3.9,61311.0
1311,27007,4.2,54638.0
1312,27009,3.8,63395.0
1313,27011,4.1,52692.0
1314,27013,2.7,60408.0
1315,27015,3.5,62904.0
1316,27017,4.4,65749.0
1317,27019,2.7,101891.0
1318,27021,5.4,54267.0
1319,27023,3.8,54984.0
1320,27025,3.7,84811.0
1321,27027,3.0,64874.0
1322,27029,8.1,54896.0
1323,27031,4.2,58664.0
1324,27033,3.6,53725.0
1325,27035,4.2,60384.0
1326,27037,2.8,89075.0
1327,27039,3.3,86436.0
1328,27041,3.1,67592.0
1329,27043,4.0,54193.0
1330,27045,3.2,62716.0
1331,27047,3.4,56716.0
1332,27049,3.0,71497.0
1333,27051,4.3,55247.0
1334,27053,2.7,82323.0
1335,27055,3.1,64920.0
1336,27057,5.3,56064.0
1337,27059,3.9,77963.0
1338,27061,5.8,58660.0
1339,27063,3.4,57915.0
1340,27065,5.8,63595.0
1341,27067,3.5,64129.0
1342,27069,3.5,62762.0
1343,27071,6.2,52545.0
1344,27073,3.7,56825.0
1345,27075,3.5,61082.0
1346,27077,4.1,56244.0
1347,27079,4.4,75519.0
1348,27081,3.7,55328.0
1349,27083,3.1,63849.0
1350,27085,3.6,64380.0
1351,27087,4.6,46702.0
1352,27089,5.7,59793.0
1353,27091,3.7,54602.0
1354,27093,3.8,63812.0
1355,27095,5.3,59262.0
1356,27097,5.1,61847.0
1357,27099,3.0,55276.0
1358,27101,4.2,61007.0
1359,27103,2.5,71067.0
1360,27105,2.9,57300.0
1361,27107,4.7,53961.0
1362,27109,2.5,80631.0
1363,27111,4.1,59901.0
1364,27113,4.5,55870.0
1365,27115,5.4,55684.0
1366,27117,3.4,55405.0
1367,27119,3.9,60582.0
1368,27121,3.1,59442.0
1369,27123,2.9,68652.0
1370,27125,5.2,58384.0
1371,27127,3.6,60097.0
1372,27129,4.4,59110.0
1373,27131,3.0,72438.0
1374,27133,2.2,63451.0
1375,27135,3.8,62924.0
1376,27137,3.9,60228.0
1377,27139,2.7,108718.0
1378,27141,3.4,95323.0
1379,27143,3.8,66757.0
1380,27145,3.1,66449.0
1381,27147,3.1,68603.0
1382,27149,2.6,59045.0
1383,27151,4.3,60127.0
1384,27153,4.3,51746.0
1385,27155,3.6,57602.0
1386,27157,3.3,63435.0
1387,27159,6.0,50663.0
1388,27161,3.8,63907.0
1389,27163,2.8,100857.0
1390,27165,4.0,57290.0
1391,27167,3.3,69890.0
1392,27169,2.8,64219.0
1393,27171,3.2,91374.0
1394,27173,3.7,61074.0
1395,28001,7.2,34583.0
1396,28003,4.8,43496.0
1397,28005,7.1,41575.0
1398,28007,6.4,36905.0
1399,28009,6.3,37875.0
1400,28011,7.2,30309.0
1401,28013,5.7,38648.0
1402,28015,6.3,44885.0
1403,28017,5.8,37533.0
1404,28019,5.7,41146.0
1405,28021,10.8,31221.0
1406,28023,6.3,42826.0
1407,28025,7.6,33653.0
1408,28027,7.8,30242.0
1409,28029,6.8,42299.0
1410,28031,4.9,42076.0
1411,28033,4.5,67450.0
1412,28035,5.3,40224.0
1413,28037,7.0,41420.0
1414,28039,7.5,51858.0
1415,28041,8.0,48641.0
1416,28043,5.1,40561.0
1417,28045,5.8,50401.0
1418,28047,5.3,49619.0
1419,28049,5.4,44773.0
1420,28051,10.4,26348.0
1421,28053,10.4,28464.0
1422,28055,12.4,30944.0
1423,28057,4.8,49214.0
1424,28059,6.2,53414.0
1425,28061,7.0,40923.0
1426,28063,16.0,30871.0
1427,28065,7.1,32077.0
1428,28067,5.4,41733.0
1429,28069,8.0,33472.0
1430,28071,4.5,54034.0
1431,28073,4.3,62606.0
1432,28075,5.6,41604.0
1433,28077,7.0,43668.0
1434,28079,5.7,41007.0
1435,28081,4.5,50803.0
1436,28083,7.7,29687.0
1437,28085,5.7,45062.0
1438,28087,5.4,49251.0
1439,28089,4.5,70824.0
1440,28091,5.6,38402.0
1441,28093,5.9,43107.0
1442,28095,5.5,42464.0
1443,28097,6.1,38475.0
1444,28099,6.0,41795.0
1445,28101,5.8,42962.0
1446,28103,7.4,32916.0
1447,28105,5.7,41631.0
1448,28107,6.7,40655.0
1449,28109,5.4,45874.0
1450,28111,6.9,43106.0
1451,28113,6.7,35044.0
1452,28115,4.4,48910.0
1453,28117,5.0,43465.0
1454,28119,8.4,29318.0
1455,28121,4.0,67284.0
1456,28123,4.5,41532.0
1457,28125,9.3,31138.0
1458,28127,5.3,47664.0
1459,28129,5.3,46296.0
1460,28131,6.2,47187.0
1461,28133,9.3,32948.0
1462,28135,5.8,31915.0
1463,28137,5.7,50188.0
1464,28139,5.2,44696.0
1465,28141,5.2,43341.0
1466,28143,6.4,33993.0
1467,28145,4.3,49320.0
1468,28147,7.4,35465.0
1469,28149,6.1,46606.0
1470,28151,8.0,31018.0
1471,28153,6.2,39036.0
1472,28155,5.8,46110.0
1473,28157,10.3,32612.0
1474,28159,6.2,37596.0
1475,28161,5.8,40515.0
1476,28163,6.4,34817.0
1477,29001,3.9,43044.0
1478,29003,2.8,62823.0
1479,29005,3.7,50516.0
1480,29007,3.4,45609.0
1481,29009,3.5,47155.0
1482,29011,3.4,46397.0
1483,29013,4.1,48442.0
1484,29015,4.8,42144.0
1485,29017,3.9,45868.0
1486,29019,2.4,58029.0
1487,29021,3.1,49216.0
1488,29023,4.7,41327.0
1489,29025,3.2,52872.0
1490,29027,2.9,58720.0
1491,29029,4.5,51460.0
1492,29031,2.9,57618.0
1493,29033,3.2,50628.0
1494,29035,4.9,36383.0
1495,29037,3.0,73882.0
1496,29039,3.7,38427.0
1497,29041,3.0,50589.0
1498,29043,2.7,63400.0
1499,29045,3.6,46001.0
1500,29047,2.9,70705.0
1501,29049,3.0,64541.0
1502,29051,2.6,61847.0
1503,29053,3.7,56957.0
1504,29055,3.8,48315.0
1505,29057,3.1,42421.0
1506,29059,4.5,42389.0
1507,29061,3.3,48197.0
1508,29063,3.1,53997.0
1509,29065,3.6,45540.0
1510,29067,5.1,39773.0
1511,29069,5.5,38880.0
1512,29071,3.2,61428.0
1513,29073,3.4,53751.0
1514,29075,2.7,53663.0
1515,29077,2.7,45313.0
1516,29079,3.5,44323.0
1517,29081,3.3,43016.0
1518,29083,3.7,46995.0
1519,29085,4.2,32934.0
1520,29087,2.8,47429.0
1521,29089,3.1,49923.0
1522,29091,4.1,40177.0
1523,29093,4.8,39292.0
1524,29095,3.7,57907.0
1525,29097,3.0,46021.0
1526,29099,3.1,68779.0
1527,29101,3.7,58396.0
1528,29103,2.9,41755.0
1529,29105,6.9,43969.0
1530,29107,3.1,62264.0
1531,29109,3.5,45746.0
1532,29111,3.2,40782.0
1533,29113,3.3,69178.0
1534,29115,4.8,45774.0
1535,29117,2.5,49065.0
1536,29119,3.4,39615.0
1537,29121,3.4,45717.0
1538,29123,3.4,43919.0
1539,29125,3.5,49712.0
1540,29127,3.2,50803.0
1541,29129,3.1,44343.0
1542,29131,3.8,49252.0
1543,29133,4.1,36802.0
1544,29135,2.9,57321.0
1545,29137,4.2,48399.0
1546,29139,3.1,50282.0
1547,29141,4.3,44473.0
1548,29143,4.3,42115.0
1549,29145,3.3,53251.0
1550,29147,3.0,47419.0
1551,29149,3.9,35356.0
1552,29151,2.4,60728.0
1553,29153,5.8,36019.0
1554,29155,5.0,34280.0
1555,29157,2.6,57032.0
1556,29159,3.5,48516.0
1557,29161,3.3,46573.0
1558,29163,3.5,49089.0
1559,29165,2.7,84456.0
1560,29167,3.5,44837.0
1561,29169,4.1,55620.0
1562,29171,3.6,42434.0
1563,29173,3.1,63419.0
1564,29175,3.9,48043.0
1565,29177,3.6,61678.0
1566,29179,3.7,37415.0
1567,29181,5.5,35788.0
1568,29183,2.5,89236.0
1569,29185,4.6,39319.0
1570,29186,2.7,61662.0
1571,29187,3.7,43886.0
1572,29189,3.0,70161.0
1573,29195,3.2,47324.0
1574,29197,4.3,43183.0
1575,29199,3.1,46871.0
1576,29201,3.5,44924.0
1577,29203,5.5,36477.0
1578,29205,2.9,45939.0
1579,29207,4.7,42363.0
1580,29209,4.9,50262.0
1581,29211,3.5,43421.0
1582,29213,5.1,49314.0
1583,29215,4.5,38914.0
1584,29217,3.5,46182.0
1585,29219,2.9,63726.0
1586,29221,4.5,41198.0
1587,29223,4.8,35397.0
1588,29225,3.6,54844.0
1589,29227,2.7,45023.0
1590,29229,5.3,39384.0
1591,29510,3.9,46309.0
1592,30001,3.0,49771.0
1593,30003,7.6,43718.0
1594,30005,4.0,44090.0
1595,30007,4.1,60622.0
1596,30009,3.6,57585.0
1597,30011,2.9,49057.0
1598,30013,3.5,51732.0
1599,30015,2.8,48017.0
1600,30017,2.9,49379.0
1601,30019,2.0,50001.0
1602,30021,2.5,56677.0
1603,30023,3.3,41780.0
1604,30025,1.8,65651.0
1605,30027,3.2,48703.0
1606,30029,4.9,61334.0
1607,30031,2.4,73731.0
1608,30033,2.6,43106.0
1609,30035,7.7,41808.0
1610,30037,4.1,40469.0
1611,30039,5.7,49646.0
1612,30041,3.8,51881.0
1613,30043,3.4,70929.0
1614,30045,3.2,49401.0
1615,30047,4.4,49019.0
1616,30049,3.1,66075.0
1617,30051,2.6,41240.0
1618,30053,7.5,43669.0
1619,30055,2.0,48551.0
1620,30057,3.3,56579.0
1621,30059,3.5,43946.0
1622,30061,5.9,43928.0
1623,30063,3.3,57279.0
1624,30065,4.0,48290.0
1625,30067,3.5,51740.0
1626,30069,3.7,42081.0
1627,30071,3.8,47679.0
1628,30073,3.8,48542.0
1629,30075,2.3,47843.0
1630,30077,3.7,49387.0
1631,30079,3.8,46663.0
1632,30081,4.2,57209.0
1633,30083,2.7,69095.0
1634,30085,4.4,38409.0
1635,30087,5.2,58139.0
1636,30089,6.1,45193.0
1637,30091,2.3,51111.0
1638,30093,3.9,49249.0
1639,30095,3.2,68186.0
1640,30097,2.9,55259.0
1641,30099,3.4,54458.0
1642,30101,2.4,49448.0
1643,30103,2.9,51754.0
1644,30105,3.3,51869.0
1645,30107,3.8,42059.0
1646,30109,2.9,51145.0
1647,30111,3.3,61435.0
1648,31001,3.1,55182.0
1649,31003,2.5,50771.0
1650,31005,5.3,46417.0
1651,31007,3.7,54706.0
1652,31009,4.7,45411.0
1653,31011,2.7,58204.0
1654,31013,3.1,61522.0
1655,31015,3.2,46548.0
1656,31017,3.5,48843.0
1657,31019,2.6,64759.0
1658,31021,3.3,54554.0
1659,31023,2.5,63310.0
1660,31025,3.3,72915.0
1661,31027,2.4,60400.0
1662,31029,2.2,57656.0
1663,31031,2.3,50677.0
1664,31033,3.5,56229.0
1665,31035,3.1,63829.0
1666,31037,2.6,62472.0
1667,31039,2.5,59505.0
1668,31041,2.3,51004.0
1669,31043,3.8,61010.0
1670,31045,2.8,46377.0
1671,31047,2.9,56839.0
1672,31049,2.9,48793.0
1673,31051,3.0,57324.0
1674,31053,2.9,60853.0
1675,31055,3.2,67264.0
1676,31057,2.4,45446.0
1677,31059,2.5,60440.0
1678,31061,3.2,49659.0
1679,31063,3.2,55712.0
1680,31065,2.7,50705.0
1681,31067,3.5,56817.0
1682,31069,2.8,41158.0
1683,31071,2.6,52707.0
1684,31073,2.6,64870.0
1685,31075,2.7,60773.0
1686,31077,2.9,48178.0
1687,31079,3.4,57371.0
1688,31081,2.9,68236.0
1689,31083,2.7,53362.0
1690,31085,2.6,46399.0
1691,31087,3.2,49451.0
1692,31089,2.5,54474.0
1693,31091,2.9,50093.0
1694,31093,3.5,56881.0
1695,31095,2.7,56740.0
1696,31097,3.4,54567.0
1697,31099,2.2,64461.0
1698,31101,3.2,51478.0
1699,31103,2.5,46010.0
1700,31105,2.9,52284.0
1701,31107,2.9,53676.0
1702,31109,2.7,61383.0
1703,31111,3.4,60924.0
1704,31113,3.0,53108.0
1705,31115,4.1,51559.0
1706,31117,2.5,52033.0
1707,31119,2.7,58275.0
1708,31121,3.1,53411.0
1709,31123,2.8,49982.0
1710,31125,3.0,55853.0
1711,31127,3.6,55343.0
1712,31129,2.7,48624.0
1713,31131,3.1,66293.0
1714,31133,2.8,47006.0
1715,31135,2.2,63443.0
1716,31137,2.6,61420.0
1717,31139,2.6,67465.0
1718,31141,2.9,62804.0
1719,31143,2.7,66462.0
1720,31145,2.6,50260.0
1721,31147,3.1,50207.0
1722,31149,3.0,53905.0
1723,31151,3.2,59937.0
1724,31153,2.8,84016.0
1725,31155,2.7,71086.0
1726,31157,3.6,50263.0
1727,31159,2.9,72291.0
1728,31161,2.7,46159.0
1729,31163,3.2,48735.0
1730,31165,2.7,47983.0
1731,31167,2.5,62045.0
1732,31169,2.5,52439.0
1733,31171,3.5,51401.0
1734,31173,4.4,48891.0
1735,31175,3.2,47981.0
1736,31177,2.9,75197.0
1737,31179,2.6,57655.0
1738,31181,3.3,49518.0
1739,31183,2.6,50207.0
1740,31185,2.6,59749.0
1741,32001,3.5,56335.0
1742,32003,4.1,62131.0
1743,32005,3.9,76296.0
1744,32007,3.0,83287.0
1745,32009,3.9,50675.0
1746,32011,2.3,71541.0
1747,32013,2.9,73106.0
1748,32015,3.2,81239.0
1749,32017,4.0,58782.0
1750,32019,4.8,59406.0
1751,32021,4.0,43771.0
1752,32023,5.1,48490.0
1753,32027,4.0,58562.0
1754,32029,3.7,88003.0
1755,32031,3.2,71733.0
1756,32033,3.0,60086.0
1757,32510,3.9,58126.0
1758,33001,2.6,68752.0
1759,33003,2.6,64495.0
1760,33005,2.7,65326.0
1761,33007,3.2,49156.0
1762,33009,2.3,62468.0
1763,33011,2.7,82862.0
1764,33013,2.3,75800.0
1765,33015,2.8,91416.0
1766,33017,2.4,71486.0
1767,33019,2.3,63518.0
1768,34001,4.9,62678.0
1769,34003,2.8,107971.0
1770,34005,3.2,88443.0
1771,34007,3.9,73168.0
1772,34009,6.9,66565.0
1773,34011,5.3,54179.0
1774,34013,4.3,64522.0
1775,34015,3.5,87996.0
1776,34017,3.2,77738.0
1777,34019,2.6,117275.0
1778,34021,3.0,79475.0
1779,34023,3.0,92770.0
1780,34025,3.1,102579.0
1781,34027,2.7,116328.0
1782,34029,3.5,75627.0
1783,34031,4.2,76039.0
1784,34033,4.6,68146.0
1785,34035,2.9,112722.0
1786,34037,3.3,100281.0
1787,34039,3.5,79953.0
1788,34041,3.2,83998.0
1789,35001,4.6,56148.0
1790,35003,6.5,37190.0
1791,35005,5.0,43687.0
1792,35006,6.5,40436.0
1793,35007,4.8,42754.0
1794,35009,4.3,45623.0
1795,35011,4.4,34746.0
1796,35013,5.9,43618.0
1797,35015,3.2,63671.0
1798,35017,4.9,43175.0
1799,35019,5.4,36554.0
1800,35021,4.8,38162.0
1801,35023,4.4,37322.0
1802,35025,4.1,63012.0
1803,35027,4.7,47254.0
1804,35028,3.3,122001.0
1805,35029,12.5,32544.0
1806,35031,7.2,36404.0
1807,35033,6.2,36968.0
1808,35035,5.1,43135.0
1809,35037,5.4,34596.0
1810,35039,5.5,44579.0
1811,35041,4.6,44928.0
1812,35043,5.0,71118.0
1813,35045,5.9,46201.0
1814,35047,6.0,36986.0
1815,35049,4.2,61791.0
1816,35051,6.9,33661.0
1817,35053,6.0,39582.0
1818,35055,6.2,43032.0
1819,35057,7.0,39532.0
1820,35059,3.5,38221.0
1821,35061,5.5,54867.0
1822,36001,3.5,69408.0
1823,36003,5.3,49411.0
1824,36005,5.3,41470.0
1825,36007,4.5,52179.0
1826,36009,4.8,50783.0
1827,36011,4.1,58055.0
1828,36013,4.5,50143.0
1829,36015,4.0,58400.0
1830,36017,4.3,51894.0
1831,36019,4.2,59069.0
1832,36021,3.1,71563.0
1833,36023,4.7,55143.0
1834,36025,4.5,51038.0
1835,36027,3.5,84564.0
1836,36029,4.1,60620.0
1837,36031,4.5,55091.0
1838,36033,4.7,48943.0
1839,36035,4.8,50061.0
1840,36037,3.8,62570.0
1841,36039,4.3,54746.0
1842,36041,5.7,60148.0
1843,36043,4.7,55778.0
1844,36045,5.3,53829.0
1845,36047,4.0,66501.0
1846,36049,5.3,56599.0
1847,36051,4.1,60268.0
1848,36053,4.3,61713.0
1849,36055,4.0,62159.0
1850,36057,4.9,52092.0
1851,36059,3.3,117767.0
1852,36061,3.4,93007.0
1853,36063,4.8,56371.0
1854,36065,4.1,56516.0
1855,36067,3.8,61597.0
1856,36069,3.7,66754.0
1857,36071,3.6,83188.0
1858,36073,4.5,53115.0
1859,36075,5.2,57640.0
1860,36077,4.1,52414.0
1861,36079,3.5,105600.0
1862,36081,3.4,72975.0
1863,36083,3.6,70688.0
1864,36085,3.8,86624.0
1865,36087,3.4,99831.0
1866,36089,5.3,51742.0
1867,36091,3.2,89071.0
1868,36093,3.7,64960.0
1869,36095,4.5,58927.0
1870,36097,4.5,52215.0
1871,36099,3.7,51064.0
1872,36101,4.4,53167.0
1873,36103,3.5,105241.0
1874,36105,3.8,58851.0
1875,36107,4.0,60699.0
1876,36109,3.5,59176.0
1877,36111,3.6,64090.0
1878,36113,4.4,63240.0
1879,36115,3.9,56897.0
1880,36117,3.9,61989.0
1881,36119,3.6,101741.0
1882,36121,4.2,58214.0
1883,36123,3.6,60612.0
1884,37001,3.7,57963.0
1885,37003,3.2,54960.0
1886,37005,4.6,41420.0
1887,37007,4.0,40826.0
1888,37009,3.6,41542.0
1889,37011,3.6,45823.0
1890,37013,4.4,49410.0
1891,37015,4.6,37899.0
1892,37017,4.6,42260.0
1893,37019,5.1,63712.0
1894,37021,2.9,55448.0
1895,37023,3.6,47890.0
1896,37025,3.5,72071.0
1897,37027,3.9,48512.0
1898,37029,3.7,69610.0
1899,37031,4.0,60058.0
1900,37033,4.4,51240.0
1901,37035,3.5,53688.0
1902,37037,3.3,70258.0
1903,37039,4.3,42764.0
1904,37041,4.5,47126.0
1905,37043,4.4,47116.0
1906,37045,3.8,46012.0
1907,37047,4.8,39531.0
1908,37049,3.9,53372.0
1909,37051,5.0,46599.0
1910,37053,3.5,70699.0
1911,37055,4.6,63033.0
1912,37057,3.6,53924.0
1913,37059,3.3,63828.0
1914,37061,3.9,44929.0
1915,37063,3.3,65541.0
1916,37065,5.8,40784.0
1917,37067,3.6,53054.0
1918,37069,3.9,57371.0
1919,37071,3.8,56542.0
1920,37073,3.9,54204.0
1921,37075,5.2,45813.0
1922,37077,3.3,54300.0
1923,37079,3.6,44648.0
1924,37081,4.0,55820.0
1925,37083,5.5,38727.0
1926,37085,4.5,55619.0
1927,37087,3.3,51612.0
1928,37089,3.2,61651.0
1929,37091,5.0,42374.0
1930,37093,4.8,48420.0
1931,37095,8.4,43112.0
1932,37097,3.5,68308.0
1933,37099,4.0,47759.0
1934,37101,3.6,62835.0
1935,37103,3.8,46275.0
1936,37105,4.4,53114.0
1937,37107,3.7,39947.0
1938,37109,3.4,70479.0
1939,37111,3.7,46370.0
1940,37113,3.8,46279.0
1941,37115,3.5,50062.0
1942,37117,4.8,39413.0
1943,37119,3.6,69455.0
1944,37121,4.4,47675.0
1945,37123,3.8,46497.0
1946,37125,3.8,63942.0
1947,37127,4.7,50902.0
1948,37129,3.5,57252.0
1949,37131,5.0,39777.0
1950,37133,4.5,50645.0
1951,37135,3.3,74314.0
1952,37137,3.6,52522.0
1953,37139,4.5,51245.0
1954,37141,3.9,60405.0
1955,37143,4.8,50804.0
1956,37145,4.1,54553.0
1957,37147,4.1,52961.0
1958,37149,3.6,53405.0
1959,37151,3.7,50129.0
1960,37153,5.1,40518.0
1961,37155,5.2,36366.0
1962,37157,4.3,44686.0
1963,37159,3.9,52051.0
1964,37161,4.7,44547.0
1965,37163,3.7,45997.0
1966,37165,6.4,39197.0
1967,37167,3.6,58303.0
1968,37169,3.5,52356.0
1969,37171,3.5,48637.0
1970,37173,3.9,46075.0
1971,37175,3.6,55628.0
1972,37177,5.9,37680.0
1973,37179,3.4,86138.0
1974,37181,5.6,40450.0
1975,37183,3.3,84377.0
1976,37185,5.5,37027.0
1977,37187,5.6,40157.0
1978,37189,3.4,51630.0
1979,37191,4.0,45634.0
1980,37193,3.9,45250.0
1981,37195,5.6,42414.0
1982,37197,3.3,50929.0
1983,37199,3.6,47664.0
1984,38001,2.1,55880.0
1985,38003,3.0,60689.0
1986,38005,4.1,45709.0
1987,38007,2.5,69528.0
1988,38009,3.2,62904.0
1989,38011,1.6,65411.0
1990,38013,2.2,67545.0
1991,38015,2.4,73565.0
1992,38017,2.0,63977.0
1993,38019,2.7,63484.0
1994,38021,1.9,57490.0
1995,38023,1.4,61506.0
1996,38025,1.6,75723.0
1997,38027,4.3,54465.0
1998,38029,4.0,53073.0
1999,38031,2.7,54917.0
2000,38033,1.8,58370.0
2001,38035,2.0,57388.0
2002,38037,2.2,41841.0
2003,38039,2.4,56527.0
2004,38041,1.9,54600.0
2005,38043,3.9,50570.0
2006,38045,2.0,56059.0
2007,38047,2.2,51496.0
2008,38049,3.4,59661.0
2009,38051,3.0,47349.0
2010,38053,1.6,86890.0
2011,38055,3.1,67453.0
2012,38057,4.1,83341.0
2013,38059,2.9,68051.0
2014,38061,1.4,69040.0
2015,38063,3.0,56098.0
2016,38065,3.7,72919.0
2017,38067,3.4,59970.0
2018,38069,3.1,56753.0
2019,38071,2.9,60710.0
2020,38073,1.7,66422.0
2021,38075,2.4,84986.0
2022,38077,2.3,62837.0
2023,38079,8.1,45296.0
2024,38081,1.7,67551.0
2025,38083,4.3,58725.0
2026,38085,3.8,37133.0
2027,38087,2.3,52695.0
2028,38089,2.0,68759.0
2029,38091,2.0,67661.0
2030,38093,2.2,60297.0
2031,38095,2.7,53024.0
2032,38097,2.6,69443.0
2033,38099,3.2,59153.0
2034,38101,2.4,68634.0
2035,38103,3.0,56167.0
2036,38105,1.8,84606.0
2037,39001,6.9,43145.0
2038,39003,4.1,58271.0
2039,39005,4.2,52554.0
2040,39007,4.8,47388.0
2041,39009,5.3,43621.0
2042,39011,3.0,64227.0
2043,39013,5.7,50166.0
2044,39015,5.0,58441.0
2045,39017,3.8,68611.0
2046,39019,5.0,56999.0
2047,39021,3.7,62077.0
2048,39023,4.3,50832.0
2049,39025,3.8,68724.0
2050,39027,4.7,52870.0
2051,39029,4.9,52693.0
2052,39031,5.9,49679.0
2053,39033,4.7,49484.0
2054,39035,4.3,52503.0
2055,39037,3.7,56824.0
2056,39039,4.3,60918.0
2057,39041,3.2,110252.0
2058,39043,5.0,60790.0
2059,39045,3.8,71782.0
2060,39047,3.9,51023.0
2061,39049,3.6,64648.0
2062,39051,4.2,64334.0
2063,39053,5.4,48094.0
2064,39055,3.5,79865.0
2065,39057,3.8,69709.0
2066,39059,5.5,48283.0
2067,39061,3.8,60251.0
2068,39063,3.2,62720.0
2069,39065,4.2,51155.0
2070,39067,5.3,50137.0
2071,39069,4.7,61351.0
2072,39071,5.2,47126.0
2073,39073,4.7,51016.0
2074,39075,3.0,62596.0
2075,39077,5.8,56704.0
2076,39079,6.2,50671.0
2077,39081,5.9,47652.0
2078,39083,4.0,59957.0
2079,39085,3.8,65040.0
2080,39087,5.2,46433.0
2081,39089,3.8,66321.0
2082,39091,3.7,60624.0
2083,39093,4.4,59201.0
2084,39095,4.7,49924.0
2085,39097,3.5,65696.0
2086,39099,5.8,48018.0
2087,39101,4.1,51479.0
2088,39103,3.5,78540.0
2089,39105,6.9,43754.0
2090,39107,2.6,67075.0
2091,39109,3.7,63524.0
2092,39111,8.3,48231.0
2093,39113,4.2,54704.0
2094,39115,6.5,46883.0
2095,39117,4.2,59498.0
2096,39119,4.9,52105.0
2097,39121,7.0,50788.0
2098,39123,5.7,63352.0
2099,39125,3.9,58100.0
2100,39127,5.3,51875.0
2101,39129,4.0,63931.0
2102,39131,6.2,46255.0
2103,39133,4.3,57439.0
2104,39135,3.8,62128.0
2105,39137,3.1,73454.0
2106,39139,4.6,51883.0
2107,39141,4.2,54728.0
2108,39143,4.3,58415.0
2109,39145,6.3,45410.0
2110,39147,4.2,55664.0
2111,39149,3.6,64304.0
2112,39151,4.6,55623.0
2113,39153,4.3,57753.0
2114,39155,6.2,47966.0
2115,39157,4.3,54150.0
2116,39159,3.2,91597.0
2117,39161,3.3,55361.0
2118,39163,5.7,46301.0
2119,39165,3.5,91645.0
2120,39167,5.4,52565.0
2121,39169,3.3,58747.0
2122,39171,3.3,54239.0
2123,39173,3.7,64723.0
2124,39175,3.1,61733.0
2125,40001,3.9,39589.0
2126,40003,1.9,57497.0
2127,40005,4.1,41872.0
2128,40007,1.9,55397.0
2129,40009,3.0,50512.0
2130,40011,1.9,50574.0
2131,40013,2.9,44074.0
2132,40015,3.4,45755.0
2133,40017,2.7,75111.0
2134,40019,3.2,51895.0
2135,40021,3.8,45544.0
2136,40023,4.6,37131.0
2137,40025,1.7,47602.0
2138,40027,2.7,64706.0
2139,40029,3.7,41273.0
2140,40031,3.4,51184.0
2141,40033,3.0,46450.0
2142,40035,3.3,42978.0
2143,40037,3.5,54737.0
2144,40039,2.4,51803.0
2145,40041,3.6,44602.0
2146,40043,2.0,56316.0
2147,40045,2.3,54013.0
2148,40047,2.8,58381.0
2149,40049,3.0,46786.0
2150,40051,2.9,63647.0
2151,40053,2.0,60303.0
2152,40055,4.0,38641.0
2153,40057,2.7,37988.0
2154,40059,2.7,40265.0
2155,40061,5.0,41643.0
2156,40063,4.6,37631.0
2157,40065,2.7,48430.0
2158,40067,3.1,39785.0
2159,40069,4.1,41805.0
2160,40071,4.0,48522.0
2161,40073,1.9,68839.0
2162,40075,3.6,39788.0
2163,40077,5.9,42014.0
2164,40079,4.4,42378.0
2165,40081,3.4,51012.0
2166,40083,2.7,66625.0
2167,40085,2.1,51481.0
2168,40087,2.6,75009.0
2169,40089,5.4,40803.0
2170,40091,5.5,40614.0
2171,40093,2.0,59690.0
2172,40095,3.3,45005.0
2173,40097,2.9,49293.0
2174,40099,2.8,50965.0
2175,40101,3.7,43392.0
2176,40103,2.3,56307.0
2177,40105,3.2,47456.0
2178,40107,4.3,39265.0
2179,40109,3.0,56272.0
2180,40111,4.6,41725.0
2181,40113,3.6,50667.0
2182,40115,3.2,41530.0
2183,40117,3.7,47646.0
2184,40119,2.7,43025.0
2185,40121,3.9,47215.0
2186,40123,3.0,49510.0
2187,40125,3.4,52747.0
2188,40127,4.7,37718.0
2189,40129,2.8,59286.0
2190,40131,2.9,67054.0
2191,40133,4.5,40725.0
2192,40135,3.8,43038.0
2193,40137,4.0,47826.0
2194,40139,1.8,56014.0
2195,40141,3.5,41251.0
2196,40143,3.0,57668.0
2197,40145,2.9,65191.0
2198,40147,3.2,62515.0
2199,40149,3.2,50823.0
2200,40151,1.9,40684.0
2201,40153,2.7,73253.0
2202,41001,4.5,48530.0
2203,41003,3.0,69148.0
2204,41005,3.3,80539.0
2205,41007,3.7,59339.0
2206,41009,4.4,72285.0
2207,41011,4.8,49504.0
2208,41013,5.1,58739.0
2209,41015,5.1,51267.0
2210,41017,3.9,71880.0
2211,41019,4.8,48940.0
2212,41021,3.6,61205.0
2213,41023,6.7,49792.0
2214,41025,5.2,39874.0
2215,41027,3.1,68835.0
2216,41029,4.3,56367.0
2217,41031,5.0,52543.0
2218,41033,4.9,47533.0
2219,41035,6.0,53030.0
2220,41037,5.3,47867.0
2221,41039,4.0,57212.0
2222,41041,4.3,52276.0
2223,41043,4.3,61084.0
2224,41045,4.0,42019.0
2225,41047,3.9,64058.0
2226,41049,4.0,59781.0
2227,41051,3.2,72469.0
2228,41053,4.0,69757.0
2229,41055,3.4,60035.0
2230,41057,3.8,52298.0
2231,41059,4.7,58286.0
2232,41061,4.7,54264.0
2233,41063,5.7,52106.0
2234,41065,4.0,56993.0
2235,41067,3.0,85665.0
2236,41069,4.2,42747.0
2237,41071,3.4,71815.0
2238,42001,3.4,67706.0
2239,42003,4.2,64799.0
2240,42005,5.2,56259.0
2241,42007,4.6,60323.0
2242,42009,4.8,54251.0
2243,42011,4.4,67418.0
2244,42013,4.6,51004.0
2245,42015,4.5,51356.0
2246,42017,3.9,93587.0
2247,42019,4.0,72576.0
2248,42021,5.4,48798.0
2249,42023,6.1,43704.0
2250,42025,5.5,59985.0
2251,42027,3.4,61036.0
2252,42029,3.2,102233.0
2253,42031,5.0,49173.0
2254,42033,5.3,46967.0
2255,42035,5.5,50777.0
2256,42037,4.9,54377.0
2257,42039,4.8,49741.0
2258,42041,3.4,75269.0
2259,42043,4.1,60763.0
2260,42045,4.1,76783.0
2261,42047,5.0,55462.0
2262,42049,4.7,51923.0
2263,42051,6.1,48055.0
2264,42053,7.0,41267.0
2265,42055,3.9,62699.0
2266,42057,4.5,56357.0
2267,42059,5.2,56599.0
2268,42061,6.0,54323.0
2269,42063,5.2,51299.0
2270,42065,4.8,50789.0
2271,42067,4.5,57837.0
2272,42069,5.0,53655.0
2273,42071,3.5,67515.0
2274,42073,5.2,50979.0
2275,42075,4.0,61560.0
2276,42077,4.6,65436.0
2277,42079,5.8,53439.0
2278,42081,4.9,53762.0
2279,42083,5.4,53266.0
2280,42085,5.0,54099.0
2281,42087,4.8,50571.0
2282,42089,5.5,63012.0
2283,42091,3.6,92340.0
2284,42093,3.7,65534.0
2285,42095,4.6,73780.0
2286,42097,5.7,47967.0
2287,42099,3.8,65401.0
2288,42101,5.6,47598.0
2289,42103,5.7,66595.0
2290,42105,6.0,49054.0
2291,42107,5.5,55951.0
2292,42109,5.6,56873.0
2293,42111,5.4,49082.0
2294,42113,5.3,51718.0
2295,42115,4.4,60235.0
2296,42117,5.4,51324.0
2297,42119,4.1,61306.0
2298,42121,4.9,53619.0
2299,42123,4.6,52592.0
2300,42125,4.6,65558.0
2301,42127,4.8,56265.0
2302,42129,4.6,59407.0
2303,42131,5.0,60419.0
2304,42133,3.9,69101.0
2305,44001,3.1,87926.0
2306,44003,3.3,74230.0
2307,44005,3.2,80862.0
2308,44007,3.9,62165.0
2309,44009,3.2,86450.0
2310,45001,3.2,46499.0
2311,45003,2.8,56824.0
2312,45005,5.1,32147.0
2313,45007,2.6,54496.0
2314,45009,5.3,35364.0
2315,45011,4.1,36675.0
2316,45013,2.6,73890.0
2317,45015,2.5,68690.0
2318,45017,3.4,47090.0
2319,45019,2.2,70980.0
2320,45021,2.9,46905.0
2321,45023,4.0,45400.0
2322,45025,2.8,42441.0
2323,45027,3.7,39900.0
2324,45029,3.1,40808.0
2325,45031,3.3,44007.0
2326,45033,4.0,35483.0
2327,45035,2.4,68051.0
2328,45037,2.7,52591.0
2329,45039,4.3,42496.0
2330,45041,2.8,49770.0
2331,45043,3.6,53747.0
2332,45045,2.4,64399.0
2333,45047,3.0,43958.0
2334,45049,2.6,37560.0
2335,45051,3.5,53648.0
2336,45053,2.5,50790.0
2337,45055,2.8,56318.0
2338,45057,3.2,63842.0
2339,45059,2.9,47038.0
2340,45061,3.8,37710.0
2341,45063,2.3,62059.0
2342,45065,3.0,48645.0
2343,45067,4.2,35138.0
2344,45069,4.6,34532.0
2345,45071,2.6,50773.0
2346,45073,2.7,52240.0
2347,45075,4.6,38736.0
2348,45077,2.7,52949.0
2349,45079,2.7,52905.0
2350,45081,2.6,49493.0
2351,45083,2.5,55588.0
2352,45085,3.2,49611.0
2353,45087,3.4,42851.0
2354,45089,4.4,34409.0
2355,45091,2.7,68468.0
2356,46003,2.5,56360.0
2357,46005,2.8,51844.0
2358,46007,4.9,36345.0
2359,46009,2.8,52660.0
2360,46011,3.0,59036.0
2361,46013,2.8,61447.0
2362,46015,2.9,65008.0
2363,46017,6.0,26671.0
2364,46019,3.1,50105.0
2365,46021,3.3,56043.0
2366,46023,3.4,51340.0
2367,46025,3.7,54158.0
2368,46027,3.0,51039.0
2369,46029,2.9,63442.0
2370,46031,5.3,32848.0
2371,46033,4.1,63665.0
2372,46035,2.7,57367.0
2373,46037,4.2,51516.0
2374,46039,4.4,65217.0
2375,46041,7.6,47640.0
2376,46043,2.6,56030.0
2377,46045,2.8,59905.0
2378,46047,3.9,49965.0
2379,46049,2.9,49198.0
2380,46051,3.1,60057.0
2381,46053,3.2,42868.0
2382,46055,2.8,50747.0
2383,46057,3.0,60864.0
2384,46059,2.5,56239.0
2385,46061,4.3,78478.0
2386,46063,2.6,55482.0
2387,46065,2.4,66952.0
2388,46067,2.8,59336.0
2389,46069,3.1,63454.0
2390,46071,5.1,37879.0
2391,46073,2.5,52162.0
2392,46075,2.8,52650.0
2393,46077,2.8,61992.0
2394,46079,3.2,63946.0
2395,46081,2.9,53902.0
2396,46083,2.3,86235.0
2397,46085,4.4,47813.0
2398,46087,2.6,62535.0
2399,46089,3.9,43243.0
2400,46091,3.4,59103.0
2401,46093,3.3,59981.0
2402,46095,5.3,36489.0
2403,46097,2.8,52230.0
2404,46099,2.6,63162.0
2405,46101,3.3,61029.0
2406,46102,8.9,34078.0
2407,46103,3.1,58919.0
2408,46105,2.8,49999.0
2409,46107,2.8,58012.0
2410,46109,3.9,49088.0
2411,46111,2.7,56507.0
2412,46115,3.1,54666.0
2413,46117,2.7,70472.0
2414,46119,2.6,61791.0
2415,46121,5.9,34015.0
2416,46123,2.6,50503.0
2417,46125,2.8,63852.0
2418,46127,3.1,83910.0
2419,46129,4.9,51472.0
2420,46135,2.6,60868.0
2421,46137,5.0,33508.0
2422,47001,3.5,50973.0
2423,47003,3.7,50539.0
2424,47005,4.4,42322.0
2425,47007,5.4,42730.0
2426,47009,3.2,59368.0
2427,47011,3.4,52534.0
2428,47013,4.6,42500.0
2429,47015,3.1,52960.0
2430,47017,4.8,43258.0
2431,47019,4.0,39964.0
2432,47021,2.6,62786.0
2433,47023,3.4,50769.0
2434,47025,4.2,40116.0
2435,47027,5.9,36694.0
2436,47029,4.5,40528.0
2437,47031,3.3,54931.0
2438,47033,3.5,45642.0
2439,47035,4.5,49142.0
2440,47037,2.5,63846.0
2441,47039,5.3,45215.0
2442,47041,4.4,46407.0
2443,47043,3.0,59126.0
2444,47045,4.8,48770.0
2445,47047,3.6,67345.0
2446,47049,4.2,38608.0
2447,47051,3.3,54319.0
2448,47053,4.2,46384.0
2449,47055,3.8,50847.0
2450,47057,4.0,44929.0
2451,47059,4.6,44975.0
2452,47061,4.1,38447.0
2453,47063,3.8,46842.0
2454,47065,3.2,57802.0
2455,47067,5.8,31938.0
2456,47069,5.0,40989.0
2457,47071,4.3,44510.0
2458,47073,4.1,46602.0
2459,47075,4.8,38950.0
2460,47077,4.4,46826.0
2461,47079,4.1,43159.0
2462,47081,3.1,46176.0
2463,47083,4.5,40915.0
2464,47085,3.8,52121.0
2465,47087,4.6,41749.0
2466,47089,3.7,50332.0
2467,47091,3.5,40219.0
2468,47093,2.9,60316.0
2469,47095,5.4,34059.0
2470,47097,5.4,43545.0
2471,47099,4.1,43448.0
2472,47101,4.0,45874.0
2473,47103,3.6,54558.0
2474,47105,3.4,65226.0
2475,47107,3.8,49836.0
2476,47109,5.3,45469.0
2477,47111,3.1,44334.0
2478,47113,3.5,50401.0
2479,47115,4.2,47675.0
2480,47117,3.5,58151.0
2481,47119,3.2,66434.0
2482,47121,4.5,48334.0
2483,47123,3.6,50506.0
2484,47125,3.8,57606.0
2485,47127,2.9,61804.0
2486,47129,4.1,43952.0
2487,47131,4.9,44061.0
2488,47133,3.8,43636.0
2489,47135,5.0,42939.0
2490,47137,4.6,41860.0
2491,47139,4.0,45922.0
2492,47141,3.5,49083.0
2493,47143,5.7,47599.0
2494,47145,4.0,50561.0
2495,47147,2.9,65790.0
2496,47149,2.6,69614.0
2497,47151,4.3,38750.0
2498,47153,4.2,46876.0
2499,47155,3.3,54476.0
2500,47157,4.0,52659.0
2501,47159,3.0,54570.0
2502,47161,4.4,52177.0
2503,47163,3.7,51303.0
2504,47165,2.7,69391.0
2505,47167,3.9,61436.0
2506,47169,3.0,51982.0
2507,47171,4.9,44548.0
2508,47173,4.0,48106.0
2509,47175,4.5,44451.0
2510,47177,4.1,46144.0
2511,47179,3.4,51879.0
2512,47181,4.6,45091.0
2513,47183,4.0,42506.0
2514,47185,3.7,43583.0
2515,47187,2.4,119637.0
2516,47189,2.7,80080.0
2517,48001,2.9,48461.0
2518,48003,2.3,74918.0
2519,48005,4.0,51750.0
2520,48007,4.3,53085.0
2521,48009,2.8,63731.0
2522,48011,2.7,64424.0
2523,48013,3.6,57309.0
2524,48015,3.4,68311.0
2525,48017,3.7,46174.0
2526,48019,3.3,59604.0
2527,48021,3.1,62627.0
2528,48023,2.3,41539.0
2529,48025,4.4,44171.0
2530,48027,3.8,54831.0
2531,48029,3.1,58956.0
2532,48031,2.4,68404.0
2533,48033,2.5,71926.0
2534,48035,3.4,55179.0
2535,48037,4.4,51207.0
2536,48039,4.2,83704.0
2537,48041,2.7,54471.0
2538,48043,2.9,48581.0
2539,48045,3.6,44259.0
2540,48047,5.1,31410.0
2541,48049,3.7,56040.0
2542,48051,3.1,61745.0
2543,48053,2.7,62827.0
2544,48055,3.4,55301.0
2545,48057,3.2,55909.0
2546,48059,3.1,50812.0
2547,48061,5.5,40893.0
2548,48063,4.2,47091.0
2549,48065,2.6,69760.0
2550,48067,4.3,44529.0
2551,48069,2.8,51736.0
2552,48071,4.5,93351.0
2553,48073,3.8,46576.0
2554,48075,2.7,44095.0
2555,48077,3.1,59983.0
2556,48079,3.5,43742.0
2557,48081,3.2,48435.0
2558,48083,4.1,44834.0
2559,48085,3.1,96847.0
2560,48087,3.1,40314.0
2561,48089,3.1,55607.0
2562,48091,3.0,87976.0
2563,48093,3.2,54122.0
2564,48095,3.2,43321.0
2565,48097,2.8,61186.0
2566,48099,4.0,53083.0
2567,48101,4.2,40449.0
2568,48103,4.0,68626.0
2569,48105,2.9,54165.0
2570,48107,3.9,38871.0
2571,48109,4.1,44462.0
2572,48111,2.0,55793.0
2573,48113,3.5,61807.0
2574,48115,3.9,48165.0
2575,48117,2.7,46178.0
2576,48119,3.4,51348.0
2577,48121,3.0,90910.0
2578,48123,2.6,52544.0
2579,48125,4.3,41973.0
2580,48127,2.5,40315.0
2581,48129,3.4,41093.0
2582,48131,4.4,37100.0
2583,48133,3.3,46991.0
2584,48135,2.7,65564.0
2585,48137,2.3,40424.0
2586,48139,3.1,78341.0
2587,48141,3.8,48629.0
2588,48143,3.2,53044.0
2589,48145,3.3,41484.0
2590,48147,2.7,56123.0
2591,48149,2.6,62195.0
2592,48151,2.9,51053.0
2593,48153,4.4,45022.0
2594,48155,2.9,38615.0
2595,48157,3.5,101361.0
2596,48159,3.6,50630.0
2597,48161,4.8,52511.0
2598,48163,2.6,40360.0
2599,48165,2.4,67171.0
2600,48167,4.0,73214.0
2601,48169,2.6,48975.0
2602,48171,2.4,62143.0
2603,48173,2.3,93759.0
2604,48175,3.4,56758.0
2605,48177,2.7,48425.0
2606,48179,3.6,52543.0
2607,48181,3.1,57439.0
2608,48183,3.7,53137.0
2609,48185,4.0,51651.0
2610,48187,3.0,78801.0
2611,48189,4.4,49187.0
2612,48191,4.1,35940.0
2613,48193,3.0,52505.0
2614,48195,2.3,58703.0
2615,48197,3.0,40057.0
2616,48199,4.6,62616.0
2617,48201,3.9,61638.0
2618,48203,4.0,55171.0
2619,48205,1.6,72796.0
2620,48207,3.2,38613.0
2621,48209,2.8,72890.0
2622,48211,2.6,71299.0
2623,48213,3.5,49896.0
2624,48215,6.3,41656.0
2625,48217,3.3,53210.0
2626,48219,2.9,51149.0
2627,48221,3.4,74534.0
2628,48223,3.1,50332.0
2629,48225,3.1,43601.0
2630,48227,3.1,61112.0
2631,48229,4.4,39309.0
2632,48231,3.6,57513.0
2633,48233,4.4,57936.0
2634,48235,2.4,68630.0
2635,48237,3.1,55358.0
2636,48239,3.0,55800.0
2637,48241,6.1,47252.0
2638,48243,3.0,53362.0
2639,48245,5.8,55173.0
2640,48247,4.8,38788.0
2641,48249,4.7,44444.0
2642,48251,3.2,66538.0
2643,48253,4.2,51094.0
2644,48255,2.5,54843.0
2645,48257,3.2,75009.0
2646,48259,2.7,94899.0
2647,48261,3.5,46132.0
2648,48263,2.3,52591.0
2649,48265,2.9,57789.0
2650,48267,3.0,44757.0
2651,48269,2.1,71256.0
2652,48271,3.6,47076.0
2653,48273,4.3,47169.0
2654,48275,3.2,40808.0
2655,48277,3.4,47061.0
2656,48279,3.8,42719.0
2657,48281,3.3,58817.0
2658,48283,2.4,41683.0
2659,48285,3.0,52632.0
2660,48287,2.6,59250.0
2661,48289,4.4,50522.0
2662,48291,5.0,53274.0
2663,48293,3.8,43644.0
2664,48295,2.6,65388.0
2665,48297,3.1,54163.0
2666,48299,3.5,55617.0
2667,48301,0.8,88487.0
2668,48303,2.8,54733.0
2669,48305,3.0,45737.0
2670,48307,5.2,43262.0
2671,48309,3.3,51078.0
2672,48311,1.6,68349.0
2673,48313,4.2,46274.0
2674,48315,4.2,37876.0
2675,48317,2.6,68745.0
2676,48319,3.2,54914.0
2677,48321,5.7,49276.0
2678,48323,7.6,40017.0
2679,48325,3.2,60695.0
2680,48327,3.5,38425.0
2681,48329,2.1,85811.0
2682,48331,5.0,48989.0
2683,48333,3.2,46876.0
2684,48335,3.7,44457.0
2685,48337,2.9,53649.0
2686,48339,3.4,88833.0
2687,48341,2.3,55099.0
2688,48343,5.3,43304.0
2689,48345,3.4,40217.0
2690,48347,3.7,46207.0
2691,48349,3.3,48649.0
2692,48351,6.3,45890.0
2693,48353,2.9,46389.0
2694,48355,4.1,56079.0
2695,48357,2.7,62567.0
2696,48359,2.9,59404.0
2697,48361,5.1,62976.0
2698,48363,3.1,50159.0
2699,48365,4.0,56882.0
2700,48367,2.9,82501.0
2701,48369,2.2,50607.0
2702,48371,3.3,52763.0
2703,48373,4.8,50416.0
2704,48375,2.7,41138.0
2705,48377,6.4,33499.0
2706,48379,3.0,65657.0
2707,48381,2.4,70694.0
2708,48383,2.6,67384.0
2709,48385,4.0,40834.0
2710,48387,4.6,41325.0
2711,48389,1.8,48990.0
2712,48391,3.7,46883.0
2713,48393,2.9,70705.0
2714,48395,3.6,47016.0
2715,48397,3.1,105763.0
2716,48399,2.8,48650.0
2717,48401,3.6,56036.0
2718,48403,6.6,43778.0
2719,48405,4.7,40094.0
2720,48407,4.6,42633.0
2721,48409,5.5,57302.0
2722,48411,2.9,46061.0
2723,48413,2.8,53286.0
2724,48415,3.2,56299.0
2725,48417,2.2,65095.0
2726,48419,3.9,39708.0
2727,48421,2.3,55473.0
2728,48423,3.3,59538.0
2729,48425,3.6,67897.0
2730,48427,9.9,32516.0
2731,48429,3.0,46658.0
2732,48431,3.1,66790.0
2733,48433,2.9,48267.0
2734,48435,3.7,63427.0
2735,48437,3.6,44388.0
2736,48439,3.3,70130.0
2737,48441,2.9,54465.0
2738,48443,3.4,45677.0
2739,48445,3.6,42953.0
2740,48447,3.7,42746.0
2741,48449,4.1,49924.0
2742,48451,3.0,54774.0
2743,48453,2.6,80690.0
2744,48455,4.8,43788.0
2745,48457,5.7,48254.0
2746,48459,3.7,53078.0
2747,48461,3.0,58908.0
2748,48463,3.8,44690.0
2749,48465,3.3,45034.0
2750,48467,3.3,55554.0
2751,48469,3.5,57344.0
2752,48471,3.9,47519.0
2753,48473,3.7,61822.0
2754,48475,2.4,61396.0
2755,48477,3.4,59039.0
2756,48479,3.7,52576.0
2757,48481,3.4,49901.0
2758,48483,3.0,58544.0
2759,48485,3.2,51535.0
2760,48487,3.6,42570.0
2761,48489,8.2,35821.0
2762,48491,2.8,92661.0
2763,48493,2.8,76905.0
2764,48495,2.9,64894.0
2765,48497,3.2,70468.0
2766,48499,3.9,56945.0
2767,48501,2.9,62636.0
2768,48503,3.0,52643.0
2769,48505,5.0,36069.0
2770,48507,8.4,32538.0
2771,49001,3.0,58309.0
2772,49003,2.6,69380.0
2773,49005,2.1,63180.0
2774,49007,3.6,52110.0
2775,49009,3.8,63433.0
2776,49011,2.4,87610.0
2777,49013,3.8,59437.0
2778,49015,3.9,61893.0
2779,49017,6.1,54625.0
2780,49019,3.8,53535.0
2781,49021,2.9,58307.0
2782,49023,2.4,66056.0
2783,49025,2.8,55887.0
2784,49027,2.6,59069.0
2785,49029,2.4,101943.0
2786,49031,4.6,42196.0
2787,49033,3.0,64583.0
2788,49035,2.4,79941.0
2789,49037,4.9,49438.0
2790,49039,3.1,54648.0
2791,49041,3.0,58983.0
2792,49043,2.4,112482.0
2793,49045,2.8,80196.0
2794,49047,4.1,62541.0
2795,49049,2.3,79505.0
2796,49051,2.7,92136.0
2797,49053,2.9,64388.0
2798,49055,5.3,50555.0
2799,49057,2.9,71835.0
2800,50001,2.3,73574.0
2801,50003,2.9,56948.0
2802,50005,2.9,50942.0
2803,50007,1.7,76483.0
2804,50009,3.1,45796.0
2805,50011,2.3,65056.0
2806,50013,2.8,68364.0
2807,50015,3.0,60555.0
2808,50017,2.3,59758.0
2809,50019,4.1,48826.0
2810,50021,2.7,51903.0
2811,50023,2.2,65879.0
2812,50025,2.5,52068.0
2813,50027,2.0,61843.0
2814,51001,3.4,47335.0
2815,51003,2.4,86332.0
2816,51005,3.2,53341.0
2817,51007,3.0,60096.0
2818,51009,3.1,56218.0
2819,51011,3.3,54609.0
2820,51013,1.8,118986.0
2821,51015,2.3,63621.0
2822,51017,2.3,54385.0
2823,51019,2.7,66591.0
2824,51021,2.7,49023.0
2825,51023,2.4,74178.0
2826,51025,4.5,43835.0
2827,51027,5.3,36881.0
2828,51029,4.0,47202.0
2829,51031,3.0,48984.0
2830,51033,3.1,64647.0
2831,51035,3.4,45698.0
2832,51036,3.3,56465.0
2833,51037,3.4,43001.0
2834,51041,2.6,81641.0
2835,51043,2.4,85567.0
2836,51045,3.0,53319.0
2837,51047,2.5,79739.0
2838,51049,2.9,52005.0
2839,51051,4.8,37161.0
2840,51053,3.1,58474.0
2841,51057,3.4,53538.0
2842,51059,2.2,127898.0
2843,51061,2.3,103827.0
2844,51063,2.5,52277.0
2845,51065,2.2,75089.0
2846,51067,2.8,61878.0
2847,51069,2.3,83672.0
2848,51071,3.1,53111.0
2849,51073,2.5,71715.0
2850,51075,2.6,100444.0
2851,51077,2.8,41312.0
2852,51079,2.2,73345.0
2853,51081,3.2,47315.0
2854,51083,3.8,42619.0
2855,51085,2.3,90824.0
2856,51087,2.7,68975.0
2857,51089,3.2,41908.0
2858,51091,2.5,45917.0
2859,51093,2.7,78749.0
2860,51095,2.5,92773.0
2861,51097,2.7,54185.0
2862,51099,2.6,85657.0
2863,51101,2.6,73035.0
2864,51103,4.2,55072.0
2865,51105,3.9,35878.0
2866,51107,2.2,151806.0
2867,51109,2.6,64135.0
2868,51111,3.0,44860.0
2869,51113,2.1,66397.0
2870,51115,2.8,69112.0
2871,51117,3.8,43128.0
2872,51119,2.5,58834.0
2873,51121,2.7,58740.0
2874,51125,2.6,55804.0
2875,51127,2.3,102619.0
2876,51131,4.3,45235.0
2877,51133,4.1,60385.0
2878,51135,2.6,45913.0
2879,51137,2.9,71691.0
2880,51139,3.7,52877.0
2881,51141,3.3,43568.0
2882,51143,3.2,51682.0
2883,51145,2.4,94293.0
2884,51147,3.6,44586.0
2885,51149,3.2,74518.0
2886,51153,2.4,106208.0
2887,51155,3.2,54086.0
2888,51157,2.4,79086.0
2889,51159,2.9,49758.0
2890,51161,2.4,71742.0
2891,51163,2.6,58501.0
2892,51165,2.3,67242.0
2893,51167,4.0,40345.0
2894,51169,3.0,41288.0
2895,51171,2.4,59087.0
2896,51173,3.6,41964.0
2897,51175,2.5,62327.0
2898,51177,2.8,90262.0
2899,51179,2.6,109090.0
2900,51181,3.3,59069.0
2901,51183,4.4,45134.0
2902,51185,4.2,43619.0
2903,51187,2.7,69878.0
2904,51191,3.2,52387.0
2905,51193,3.4,54885.0
2906,51195,4.4,42372.0
2907,51197,3.4,48543.0
2908,51199,2.6,91535.0
2909,51510,2.0,102589.0
2910,51520,3.6,37678.0
2911,51530,2.6,44752.0
2912,51540,2.3,58717.0
2913,51550,2.8,77361.0
2914,51570,3.1,57688.0
2915,51580,3.9,41842.0
2916,51590,4.8,36073.0
2917,51595,4.8,38631.0
2918,51600,2.1,106430.0
2919,51610,2.0,137849.0
2920,51620,3.8,45433.0
2921,51630,3.2,62121.0
2922,51640,3.1,37229.0
2923,51650,3.6,55816.0
2924,51660,3.1,48189.0
2925,51670,4.1,38293.0
2926,51678,4.5,54204.0
2927,51680,3.6,50612.0
2928,51683,2.4,84405.0
2929,51685,2.4,83145.0
2930,51690,3.9,37814.0
2931,51700,3.3,53022.0
2932,51710,3.3,52437.0
2933,51720,3.5,38062.0
2934,51730,5.4,40240.0
2935,51735,2.3,98217.0
2936,51740,3.8,50411.0
2937,51750,3.4,41530.0
2938,51760,3.2,50949.0
2939,51770,2.9,45534.0
2940,51775,2.7,54888.0
2941,51790,2.6,54296.0
2942,51800,2.9,77847.0
2943,51810,2.6,78491.0
2944,51820,2.8,44619.0
2945,51830,3.7,56569.0
2946,51840,2.7,60254.0
2947,53001,5.6,53535.0
2948,53003,4.1,54776.0
2949,53005,5.2,72847.0
2950,53007,4.8,59838.0
2951,53009,6.6,57571.0
2952,53011,4.7,80407.0
2953,53013,5.4,56338.0
2954,53015,5.9,57316.0
2955,53017,5.6,63086.0
2956,53019,11.2,47463.0
2957,53021,6.4,63575.0
2958,53023,5.5,54555.0
2959,53025,6.8,57152.0
2960,53027,7.0,59346.0
2961,53029,5.0,72173.0
2962,53031,5.6,60556.0
2963,53033,2.6,102338.0
2964,53035,4.5,79268.0
2965,53037,5.4,59172.0
2966,53039,5.8,60567.0
2967,53041,6.1,58525.0
2968,53043,5.0,60849.0
2969,53045,6.3,63689.0
2970,53047,6.7,44777.0
2971,53049,7.0,50521.0
2972,53051,7.9,51950.0
2973,53053,5.1,78779.0
2974,53055,3.8,69113.0
2975,53057,5.4,67551.0
2976,53059,5.4,69163.0
2977,53061,2.8,89119.0
2978,53063,5.2,59976.0
2979,53065,7.0,55000.0
2980,53067,4.8,77890.0
2981,53069,6.6,61123.0
2982,53071,4.9,60202.0
2983,53073,5.0,68656.0
2984,53075,4.3,45906.0
2985,53077,7.0,55674.0
2986,54001,5.9,39710.0
2987,54003,3.6,63012.0
2988,54005,5.5,43697.0
2989,54007,7.4,39651.0
2990,54009,5.2,50900.0
2991,54011,4.2,42125.0
2992,54013,13.0,37307.0
2993,54015,8.6,41923.0
2994,54017,4.5,50642.0
2995,54019,5.7,41430.0
2996,54021,6.8,40373.0
2997,54023,5.5,47400.0
2998,54025,4.6,43564.0
2999,54027,3.9,54811.0
3000,54029,5.2,51017.0
3001,54031,5.2,46658.0
3002,54033,4.5,53909.0
3003,54035,5.0,50808.0
3004,54037,3.1,75225.0
3005,54039,4.6,48334.0
3006,54041,6.2,46895.0
3007,54043,6.3,43198.0
3008,54045,5.9,38533.0
3009,54047,9.2,29106.0
3010,54049,5.1,51300.0
3011,54051,6.4,53145.0
3012,54053,6.0,47753.0
3013,54055,5.7,41794.0
3014,54057,5.7,49704.0
3015,54059,6.8,34698.0
3016,54061,3.6,55652.0
3017,54063,4.4,44655.0
3018,54065,3.9,50660.0
3019,54067,6.3,40023.0
3020,54069,4.5,50390.0
3021,54071,3.9,43451.0
3022,54073,6.9,54972.0
3023,54075,5.7,39454.0
3024,54077,4.6,50821.0
3025,54079,4.4,66991.0
3026,54081,4.7,45386.0
3027,54083,5.9,46285.0
3028,54085,5.7,46131.0
3029,54087,9.6,41671.0
3030,54089,5.5,37000.0
3031,54091,4.9,48294.0
3032,54093,5.2,47222.0
3033,54095,7.7,48345.0
3034,54097,6.0,45074.0
3035,54099,5.4,42095.0
3036,54101,6.3,34385.0
3037,54103,7.3,46824.0
3038,54105,7.8,48627.0
3039,54107,5.1,49209.0
3040,54109,7.0,42761.0
3041,55001,5.0,53156.0
3042,55003,4.7,47202.0
3043,55005,3.9,54372.0
3044,55007,5.5,58065.0
3045,55009,3.1,65494.0
3046,55011,4.1,58407.0
3047,55013,5.2,51519.0
3048,55015,2.8,80354.0
3049,55017,3.7,60713.0
3050,55019,3.2,54296.0
3051,55021,3.0,69219.0
3052,55023,4.1,51919.0
3053,55025,2.4,77828.0
3054,55027,3.0,61730.0
3055,55029,3.7,64217.0
3056,55031,4.1,55651.0
3057,55033,3.5,61506.0
3058,55035,3.0,64972.0
3059,55037,4.6,58270.0
3060,55039,2.9,65905.0
3061,55041,5.1,48964.0
3062,55043,3.2,56418.0
3063,55045,2.8,64319.0
3064,55047,3.8,59458.0
3065,55049,2.8,67390.0
3066,55051,5.9,48813.0
3067,55053,3.8,57247.0
3068,55055,3.1,71098.0
3069,55057,3.2,55787.0
3070,55059,3.9,66460.0
3071,55061,3.2,65879.0
3072,55063,2.8,59758.0
3073,55065,2.6,59128.0
3074,55067,4.1,49597.0
3075,55069,3.6,60728.0
3076,55071,3.3,61326.0
3077,55073,2.8,66092.0
3078,55075,4.5,54404.0
3079,55077,3.8,56790.0
3080,55078,8.1,40300.0
3081,55079,3.9,53505.0
3082,55081,2.9,60296.0
3083,55083,3.5,66401.0
3084,55085,4.2,62765.0
3085,55087,2.9,66994.0
3086,55089,2.8,90446.0
3087,55091,3.6,62675.0
3088,55093,3.3,75368.0
3089,55095,3.9,63910.0
3090,55097,3.2,58248.0
3091,55099,4.3,48761.0
3092,55101,4.0,61691.0
3093,55103,3.1,51295.0
3094,55105,3.7,61624.0
3095,55107,4.8,49860.0
3096,55109,3.3,87098.0
3097,55111,2.9,63752.0
3098,55113,4.6,53908.0
3099,55115,3.2,58982.0
3100,55117,2.7,62108.0
3101,55119,3.6,52419.0
3102,55121,3.5,61687.0
3103,55123,3.2,56272.0
3104,55125,4.1,55576.0
3105,55127,3.2,64682.0
3106,55129,4.0,52735.0
3107,55131,2.8,81928.0
3108,55133,2.9,91070.0
3109,55135,3.2,61773.0
3110,55137,4.0,55476.0
3111,55139,3.0,59643.0
3112,55141,3.7,57325.0
3113,56001,3.2,52216.0
3114,56003,4.4,53018.0
3115,56005,3.8,83997.0
3116,56007,3.5,61626.0
3117,56009,2.9,72481.0
3118,56011,3.3,64120.0
3119,56013,4.5,57953.0
3120,56015,3.8,55540.0
3121,56017,3.5,52344.0
3122,56019,3.7,57224.0
3123,56021,3.5,69613.0
3124,56023,3.4,71269.0
3125,56025,4.0,66104.0
3126,56027,2.8,48513.0
3127,56029,4.2,59494.0
3128,56031,3.6,57425.0
3129,56033,3.6,64030.0
3130,56035,4.7,78055.0
3131,56037,4.0,80639.0
3132,56039,2.8,98837.0
3133,56041,4.0,70756.0
3134,56043,4.1,55122.0
3135,56045,3.0,59410.0
3136,72001,15.3,
3137,72003,10.1,
3138,72005,10.3,
3139,72007,9.2,
3140,72009,10.4,
3141,72011,8.4,
3142,72013,9.6,
3143,72015,13.4,
3144,72017,11.3,
3145,72019,8.6,
3146,72021,6.3,
3147,72023,8.7,
3148,72025,6.8,
3149,72027,8.6,
3150,72029,6.6,
3151,72031,5.9,
3152,72033,7.2,
3153,72035,7.0,
3154,72037,10.5,
3155,72039,11.1,
3156,72041,6.8,
3157,72043,12.3,
3158,72045,8.9,
3159,72047,9.1,
3160,72049,3.1,
3161,72051,5.7,
3162,72053,10.8,
3163,72054,10.9,
3164,72055,14.8,
3165,72057,12.0,
3166,72059,13.8,
3167,72061,4.1,
3168,72063,5.7,
3169,72065,12.2,
3170,72067,8.6,
3171,72069,10.1,
3172,72071,9.0,
3173,72073,14.1,
3174,72075,9.9,
3175,72077,8.3,
3176,72079,12.8,
3177,72081,14.7,
3178,72083,11.6,
3179,72085,8.9,
3180,72087,7.7,
3181,72089,9.5,
3182,72091,8.0,
3183,72093,13.7,
3184,72095,15.1,
3185,72097,10.6,
3186,72099,10.5,
3187,72101,9.1,
3188,72103,8.8,
3189,72105,8.4,
3190,72107,10.2,
3191,72109,15.6,
3192,72111,14.1,
3193,72113,9.7,
3194,72115,11.6,
3195,72117,13.7,
3196,72119,7.3,
3197,72121,13.1,
3198,72123,14.4,
3199,72125,11.3,
3200,72127,5.6,
3201,72129,8.8,
3202,72131,13.6,
3203,72133,11.0,
3204,72135,5.6,
3205,72137,5.8,
3206,72139,4.9,
3207,72141,11.3,
3208,72143,8.1,
3209,72145,9.6,
3210,72147,7.0,
3211,72149,15.8,
3212,72151,13.1,
3213,72153,14.6,
